"","ID","strain","name","condition","time","reps","average","sd","CI95","sem"
"1","pyrE-Fe","H26","pyrE","-Fe",0,6,0,0,0,0
"2","pyrE-Fe","H26","pyrE","-Fe",0.501666666666667,6,0.000607788281083222,0.000228948659348581,0.000240266882826806,9.34678987830516e-05
"3","pyrE-Fe","H26","pyrE","-Fe",1.00166666666667,6,0.00121493901135132,0.0004595882204839,0.000482308258252178,0.000187626105329881
"4","pyrE-Fe","H26","pyrE","-Fe",1.50166666666667,6,0.00182323352151568,0.000692500145679365,0.000726734333509086,0.000282712000619577
"5","pyrE-Fe","H26","pyrE","-Fe",2.00166666666667,6,0.00243243397173813,0.000927505124188994,0.000973356933510081,0.00037865238134663
"6","pyrE-Fe","H26","pyrE","-Fe",2.50166666666667,6,0.00304230044256071,0.00116441987699661,0.00122198371872355,0.00047537242416601
"7","pyrE-Fe","H26","pyrE","-Fe",3.00166666666667,6,0.00365259136369925,0.00140305762148157,0.00147241867281044,0.000572795875392143
"8","pyrE-Fe","H26","pyrE","-Fe",3.50166666666667,6,0.00426306395103456,0.00164322855104885,0.0017244626059653,0.000670845246807105
"9","pyrE-Fe","H26","pyrE","-Fe",4.00166666666667,6,0.00487347464999702,0.00188474032731966,0.00197791367143847,0.000769442016596552
"10","pyrE-Fe","H26","pyrE","-Fe",4.50166666666667,6,0.00548357958348777,0.00212739858238319,0.00223256789261712,0.000868506834393184
"11","pyrE-Fe","H26","pyrE","-Fe",5.00166666666667,6,0.00609313500243863,0.00237100742853693,0.00248821969796478,0.000967959729377321
"12","pyrE-Fe","H26","pyrE","-Fe",5.50166666666667,6,0.00670189773708761,0.00261536997289215,0.00274466246106681,0.00106772032036374
"13","pyrE-Fe","H26","pyrE","-Fe",6.00166666666667,6,0.00730962564703691,0.00286028883419324,0.00300168904299892,0.00116770802679227
"14","pyrE-Fe","H26","pyrE","-Fe",6.50166666666667,6,0.00791607806816294,0.00310556665919391,0.00325909233423079,0.00126784227953748
"15","pyrE-Fe","H26","pyrE","-Fe",7.00166666666667,6,0.0085210162544687,0.00335100663595256,0.00351666579329656,0.00136804273046069
"16","pyrE-Fe","H26","pyrE","-Fe",7.50166666666667,6,0.00912420381300135,0.00359641300144905,0.00377420397950592,0.00146822945964358
"17","pyrE-Fe","H26","pyrE","-Fe",8.00166666666667,6,0.00972540713000607,0.00384159154098861,0.00403150307703638,0.00156832317926904
"18","pyrE-Fe","H26","pyrE","-Fe",8.50166666666667,6,0.0103243957865501,0.00408635007694235,0.004288361407835,0.00166824543314859
"19","pyrE-Fe","H26","pyrE","-Fe",9.00166666666667,6,0.0109209429619243,0.00433049894447779,0.00454457993086694,0.00176791879093862
"20","pyrE-Fe","H26","pyrE","-Fe",9.50166666666667,6,0.0115148258232181,0.0045738514520548,0.00479996272537631,0.00186726703613703
"21","pyrE-Fe","H26","pyrE","-Fe",10.0016666666667,6,0.0121058258995603,0.00481622432460109,0.00505431745597035,0.00196621534700887
"22","pyrE-Fe","H26","pyrE","-Fe",10.5016666666667,6,0.0126937294396286,0.00505743812743613,0.00530745581750028,0.00206469046965256
"23","pyrE-Fe","H26","pyrE","-Fe",11.0016666666667,6,0.0132783277511462,0.00529731766917674,0.0055591939578848,0.00216262088248542
"24","pyrE-Fe","H26","pyrE","-Fe",11.5016666666667,6,0.0138594175212088,0.00553569238203719,0.00580935287721052,0.00225993695150051
"25","pyrE-Fe","H26","pyrE","-Fe",12.0016666666667,6,0.0144368011164178,0.00577239667812048,0.00605775880163682,0.00235657107572197
"26","pyrE-Fe","H26","pyrE","-Fe",12.5016666666667,6,0.015010286861928,0.00600727028049052,0.00630424353083469,0.00245245782236463
"27","pyrE-Fe","H26","pyrE","-Fe",13.0016666666667,6,0.0155796892986623,0.00624015852801094,0.00654864475789554,0.00254753405128396
"28","pyrE-Fe","H26","pyrE","-Fe",13.5016666666667,6,0.016144829418081,0.00647091265313311,0.00679080636085176,0.00264173902838257
"29","pyrE-Fe","H26","pyrE","-Fe",14.0016666666667,6,0.0167055348740398,0.00669939003201631,0.00703057866516181,0.0027350145277213
"30","pyrE-Fe","H26","pyrE","-Fe",14.5016666666667,6,0.0172616401714101,0.00692545440655484,0.00726781867671334,0.00282730492216144
"31","pyrE-Fe","H26","pyrE","-Fe",15.0016666666667,6,0.0178129868312721,0.00714897607808225,0.00750239028510333,0.00291855726244413
"32","pyrE-Fe","H26","pyrE","-Fe",15.5016666666667,6,0.018359423532632,0.00736983207270539,0.00773416443714553,0.00300872134468772
"33","pyrE-Fe","H26","pyrE","-Fe",16.0016666666667,6,0.0189008062307388,0.00758790627840058,0.00796301928074407,0.00309774976635705
"34","pyrE-Fe","H26","pyrE","-Fe",16.5016666666667,6,0.0194369982522103,0.0078030895541731,0.00818884027944932,0.0031855979708276
"35","pyrE-Fe","H26","pyrE","-Fe",17.0016666666667,6,0.0199678703672904,0.0080152798117406,0.00841152029817936,0.00327222428073262
"36","pyrE-Fe","H26","pyrE","-Fe",17.5016666666667,6,0.0204933008396778,0.00822438207034846,0.0086309596607452,0.00335758992034141
"37","pyrE-Fe","H26","pyrE","-Fe",18.0016666666667,6,0.0210131754544678,0.00843030848546199,0.00884706617996135,0.00344165902727286
"38","pyrE-Fe","H26","pyrE","-Fe",18.5016666666667,6,0.0215273875248466,0.00863297835220334,0.00905975516125269,0.00352439865389855
"39","pyrE-Fe","H26","pyrE","-Fe",19.0016666666667,6,0.022035837878266,0.0088323180845122,0.00926894938078493,0.00360577875883517
"40","pyrE-Fe","H26","pyrE","-Fe",19.5016666666667,6,0.0225384348229027,0.00902826117110532,0.00947457903924698,0.00368577218896502
"41","pyrE-Fe","H26","pyrE","-Fe",20.0016666666667,6,0.0230350940952797,0.0092207481093957,0.00967658169250337,0.00376435465245869
"42","pyrE-Fe","H26","pyrE","-Fe",20.5016666666667,6,0.0235257387899817,0.00940972631860073,0.00987490216040684,0.00384150468330157
"43","pyrE-Fe","H26","pyrE","-Fe",21.0016666666667,6,0.0240102992724532,0.00959515003332806,0.0100694924151236,0.00391720359785046
"44","pyrE-Fe","H26","pyrE","-Fe",21.5016666666667,6,0.0244887130759039,0.00977698017897099,0.0102603114503688,0.00399143544396398
"45","pyrE-Fe","H26","pyrE","-Fe",22.0016666666667,6,0.0249609247833811,0.00995518423027908,0.0104473251329853,0.00406418694326424
"46","pyrE-Fe","H26","pyrE","-Fe",22.5016666666667,6,0.0254268858960926,0.0101297360544897,0.0106305060383208,0.00413544742709557
"47","pyrE-Fe","H26","pyrE","-Fe",23.0016666666667,6,0.0258865546890758,0.0103006157404159,0.010809833270866,0.00420520876674996
"48","pyrE-Fe","H26","pyrE","-Fe",23.5016666666667,6,0.0263398960553186,0.0104678094148868,0.010985292271621,0.00427346529852908
"49","pyrE-Fe","H26","pyrE","-Fe",24.0016666666667,6,0.026786881339436,0.0106313090479238,0.0111568746136399,0.00434021374420788
"50","pyrE-Fe","H26","pyrE","-Fe",24.5016666666667,6,0.027227488161997,0.0107911122480202,0.0113245777871905,0.00440545312745791
"51","pyrE-Fe","H26","pyrE","-Fe",25.0016666666667,6,0.0276617002355853,0.0109472220488634,0.0114884049759324,0.00446918468677678
"52","pyrE-Fe","H26","pyrE","-Fe",25.5016666666667,6,0.0280895071736547,0.0110996466888036,0.0116483648254839,0.00453141178545694
"53","pyrE-Fe","H26","pyrE","-Fe",26.0016666666667,6,0.0285109042932152,0.0112483993843368,0.0118044712057071,0.00459213981911029
"54","pyrE-Fe","H26","pyrE","-Fe",26.5016666666667,6,0.0289258924123565,0.0113934980988195,0.0119567429679883,0.00465137612124634
"55","pyrE-Fe","H26","pyrE","-Fe",27.0016666666667,6,0.029334477643579,0.0115349653075854,0.0121052036987438,0.00470912986738169
"56","pyrE-Fe","H26","pyrE","-Fe",27.5016666666667,6,0.0297366711838657,0.0116728277605803,0.0122498814703202,0.00476541197813602
"57","pyrE-Fe","H26","pyrE","-Fe",28.0016666666667,6,0.030132489102388,0.0118071162435726,0.0123908085903999,0.00482023502174663
"58","pyrE-Fe","H26","pyrE","-Fe",28.5016666666667,6,0.0305219521266917,0.0119378653389383,0.0125280213509608,0.00487361311640938
"59","pyrE-Fe","H26","pyrE","-Fe",29.0016666666667,6,0.0309050854281663,0.0120651131869581,0.0126615597777728,0.00492556183282864
"60","pyrE-Fe","H26","pyrE","-Fe",29.5016666666667,6,0.0312819184075525,0.0121889012485017,0.0127914673813504,0.00497609809733369
"61","pyrE-Fe","H26","pyrE","-Fe",30.0016666666667,6,0.0316524844811951,0.012309274069912,0.0129177909102131,0.00502524009589272
"62","pyrE-Fe","H26","pyrE","-Fe",30.5016666666667,6,0.0320168208686971,0.0124262790508358,0.01304058010724,0.00507300717933064
"63","pyrE-Fe","H26","pyrE","-Fe",31.0016666666667,6,0.0323749683825861,0.012539966215691,0.0131598874698377,0.00511941977003046
"64","pyrE-Fe","H26","pyrE","-Fe",31.5016666666667,6,0.03272697122055,0.0126503879893912,0.0132757680145792,0.00516449927037354
"65","pyrE-Fe","H26","pyrE","-Fe",32.0016666666667,6,0.0330728767607549,0.0127575989778938,0.0133882790469023,0.00520826797314865
"66","pyrE-Fe","H26","pyrE","-Fe",32.5016666666667,6,0.0334127353607078,0.0128616557540751,0.0134974799363997,0.00525074897413589
"67","pyrE-Fe","H26","pyrE","-Fe",33.0016666666667,6,0.0337466001600806,0.0129626166493806,0.0136034318981691,0.00529196608704805
"68","pyrE-Fe","H26","pyrE","-Fe",33.5016666666667,6,0.0340745268878671,0.0130605415516403,0.0137061977806337,0.00533194376098941
"69","pyrE-Fe","H26","pyrE","-Fe",34.0016666666667,6,0.0343965736742006,0.0131554917093899,0.0138058418601899,0.00537070700056996
"70","pyrE-Fe","H26","pyrE","-Fe",34.5016666666667,6,0.0347128008671179,0.0132475295429842,0.0139024296429826,0.00540828128879283
"71","pyrE-Fe","H26","pyrE","-Fe",35.0016666666667,6,0.0350232708545128,0.0133367184627416,0.0139960276740598,0.00544469251281211
"72","pyrE-Fe","H26","pyrE","-Fe",35.5016666666667,6,0.0353280478914887,0.0134231226943139,0.0140867033541096,0.00547996689264032
"73","pyrE-Fe","H26","pyrE","-Fe",36.0016666666667,6,0.0356271979332769,0.0135068071114305,0.0141745247639357,0.00551413091286665
"74","pyrE-Fe","H26","pyrE","-Fe",36.5016666666667,6,0.0359207884738595,0.0135878370761272,0.0142595604967879,0.00554721125743041
"75","pyrE-Fe","H26","pyrE","-Fe",37.0016666666667,6,0.0362088883903973,0.0136662782865294,0.0143418794986206,0.00557923474747903
"76","pyrE-Fe","H26","pyrE","-Fe",37.5016666666667,6,0.0364915677935376,0.0137421966322274,0.014421550916318,0.0056102282823251
"77","pyrE-Fe","H26","pyrE","-Fe",38.0016666666667,6,0.0367688978836462,0.0138156580572451,0.0144986439538891,0.00564021878350361
"78","pyrE-Fe","H26","pyrE","-Fe",38.5016666666667,6,0.0370409508129827,0.0138867284305756,0.0145732277366029,0.00566923314191843
"79","pyrE-Fe","H26","pyrE","-Fe",39.0016666666667,6,0.037307799553813,0.0139554734242295,0.0146453711830077,0.00569729816805557
"80","pyrE-Fe","H26","pyrE","-Fe",39.5016666666667,6,0.0375695177724341,0.0140219583987136,0.0147151428847489,0.00572444054523025
"81","pyrE-Fe","H26","pyrE","-Fe",40.0016666666667,6,0.037826179709062,0.0140862482958392,0.0147826109940777,0.00575068678582585
"82","pyrE-Fe","H26","pyrE","-Fe",40.5016666666667,6,0.0380778600635194,0.0141484075387337,0.0148478431189202,0.00577606319047407
"83","pyrE-Fe","H26","pyrE","-Fe",41.0016666666667,6,0.0383246338866406,0.0142084999389148,0.0149109062253571,0.00580059581011787
"84","pyrE-Fe","H26","pyrE","-Fe",41.5016666666667,6,0.0385665764772986,0.0142665886102674,0.0149718665473487,0.00582431041089289
"85","pyrE-Fe","H26","pyrE","-Fe",42.0016666666667,6,0.038803763284946,0.0143227358897498,0.0150307895035208,0.00584723244175579
"86","pyrE-Fe","H26","pyrE","-Fe",42.5016666666667,6,0.0390362698175495,0.0143770032646437,0.015087739620818,0.00586938700478418
"87","pyrE-Fe","H26","pyrE","-Fe",43.0016666666667,6,0.0392641715547892,0.0144294513061505,0.015142780464818,0.00589079882806749
"88","pyrE-Fe","H26","pyrE","-Fe",43.5016666666667,6,0.0394875438663833,0.0144801396091286,0.0151959745764891,0.00591149224110484
"89","pyrE-Fe","H26","pyrE","-Fe",44.0016666666667,6,0.0397064619353967,0.014529126737758,0.0152473834151689,0.0059314911526225
"90","pyrE-Fe","H26","pyrE","-Fe",44.5016666666667,6,0.0399210006863802,0.0145764701769117,0.0152970673075321,0.00595081903072169
"91","pyrE-Fe","H26","pyrE","-Fe",45.0016666666667,6,0.0401312347181866,0.014622226289011,0.0153450854023122,0.00596949888526452
"92","pyrE-Fe","H26","pyrE","-Fe",45.5016666666667,6,0.0403372382413055,0.0146664502761364,0.0153914956305398,0.00598755325240592
"93","pyrE-Fe","H26","pyrE","-Fe",46.0016666666667,6,0.0405390850195566,0.0147091961471623,0.0154363546710528,0.00600500418117665
"94","pyrE-Fe","H26","pyrE","-Fe",46.5016666666667,6,0.0407368483159765,0.0147505166896883,0.0154797179210394,0.00602187322202393
"95","pyrE-Fe","H26","pyrE","-Fe",47.0016666666667,6,0.0409306008427394,0.014790463446531,0.0155216394713684,0.00603818141721453
"96","pyrE-Fe","H26","pyrE","-Fe",47.5016666666667,6,0.0411204147149453,0.0148290866965493,0.0155621720864662,0.00605394929300666
"97","pyrE-Fe","H26","pyrE","-Fe",48.0016666666667,6,0.0413063614081156,0.0148664354395723,0.0156013671884999,0.0060691968534968
"98","pyrE-Fe","H26","pyrE","-Fe",48.5016666666667,6,0.041488511719233,0.0149025573852042,0.0156392748456284,0.00608394357604924
"99","pyrE-Fe","H26","pyrE","-Fe",49.0016666666667,6,0.0416669357311669,0.0149374989452813,0.0156759437640869,0.00609820840821686
"100","pyrE-Fe","H26","pyrE","-Fe",49.5016666666667,6,0.0418417027803281,0.0149713052297631,0.0157114212838745,0.00611200976606347
"101","pyrE-Fe","H26","pyrE","-Fe",50.0016666666667,6,0.0420128814273963,0.0150040200458395,0.0157457533778178,0.00612536553379952
"102","pyrE-Fe","H26","pyrE","-Fe",50.5016666666667,6,0.0421805394309704,0.0150356859000457,0.0157789846537894,0.00613829306464525
"103","pyrE-Fe","H26","pyrE","-Fe",51.0016666666667,6,0.042344743723994,0.0150663440031761,0.0158111583598661,0.00615080918283712
"104","pyrE-Fe","H26","pyrE","-Fe",51.5016666666667,6,0.0425055603928092,0.0150960342777999,0.0158423163922146,0.00616293018669567
"105","pyrE-Fe","H26","pyrE","-Fe",52.0016666666667,6,0.0426630546587022,0.0151247953681806,0.0158724993055025,0.0061746718526755
"106","pyrE-Fe","H26","pyrE","-Fe",52.5016666666667,6,0.0428172908617999,0.0151526646524149,0.0159017463256363,0.00618604944032059
"107","pyrE-Fe","H26","pyrE","-Fe",53.0016666666667,6,0.0429683324471889,0.0151796782566045,0.0159300953646349,0.00619707769805025
"108","pyrE-Fe","H26","pyrE","-Fe",53.5016666666667,6,0.0431162419531266,0.0152058710708894,0.0159575830374547,0.00620777086970451
"109","pyrE-Fe","H26","pyrE","-Fe",54.0016666666667,6,0.0432610810012225,0.0152312767671712,0.0159842446805891,0.00621814270177959
"110","pyrE-Fe","H26","pyrE","-Fe",54.5016666666667,6,0.0434029102884691,0.0152559278183646,0.0160101143722724,0.00622820645128745
"111","pyrE-Fe","H26","pyrE","-Fe",55.0016666666667,6,0.0435417895810095,0.0152798555190232,0.0160352249541243,0.00623797489417606
"112","pyrE-Fe","H26","pyrE","-Fe",55.5016666666667,6,0.04367777770953,0.0153030900071891,0.0160596080540803,0.00624746033424956
"113","pyrE-Fe","H26","pyrE","-Fe",56.0016666666667,6,0.0438109325661742,0.0153256602873259,0.0160832941104584,0.00625667461253073
"114","pyrE-Fe","H26","pyrE","-Fe",56.5016666666667,6,0.0439413111028743,0.0153475942542011,0.0161063123970214,0.00626562911701059
"115","pyrE-Fe","H26","pyrE","-Fe",57.0016666666667,6,0.0440689693310065,0.0153689187175872,0.0161286910489005,0.00627433479273304
"116","pyrE-Fe","H26","pyrE","-Fe",57.5016666666667,6,0.0441939623222754,0.0153896594276637,0.0161504570892515,0.00628280215216479
"117","pyrE-Fe","H26","pyrE","-Fe",58.0016666666667,6,0.0443163442107398,0.0154098411010027,0.0161716364565262,0.00629104128580413
"118","pyrE-Fe","H26","pyrE","-Fe",58.5016666666667,6,0.0444361681958972,0.0154294874470316,0.0161922540322427,0.00629906187298429
"119","pyrE-Fe","H26","pyrE","-Fe",59.0016666666667,6,0.044553486546745,0.0154486211948702,0.0162123336691492,0.00630687319282955
"120","pyrE-Fe","H26","pyrE","-Fe",59.5016666666667,6,0.0446683506067441,0.015467264120448,0.0162318982196825,0.00631448413532593
"121","pyrE-Fe","H26","pyrE","-Fe",60.0016666666667,6,0.0447808107996122,0.0154854370738115,0.0162509695646244,0.00632190321246929
"122","pyrE-Fe","H26","pyrE","-Fe",60.5016666666667,6,0.0448909166358777,0.0155031600065389,0.0162695686418719,0.00632913856945722
"123","pyrE-Fe","H26","pyrE","-Fe",61.0016666666667,6,0.0449987167201313,0.0155204519991831,0.0162877154752376,0.00633619799589296
"124","pyrE-Fe","H26","pyrE","-Fe",61.5016666666667,6,0.0451042587589118,0.0155373312886747,0.0163054292032062,0.00634308893697214
"125","pyrE-Fe","H26","pyrE","-Fe",62.0016666666667,6,0.0452075895691703,0.015553815295614,0.0163227281075766,0.00634981850462509
"126","pyrE-Fe","H26","pyrE","-Fe",62.5016666666667,6,0.0453087550872568,0.0155699206513943,0.0163396296419257,0.00635639348858973
"127","pyrE-Fe","H26","pyrE","-Fe",63.0016666666667,6,0.0454078003783786,0.015585663225099,0.0163561504598351,0.00636282036739217
"128","pyrE-Fe","H26","pyrE","-Fe",63.5016666666667,6,0.0455047696464817,0.0156010581501208,0.0163723064428264,0.00636910531921412
"129","pyrE-Fe","H26","pyrE","-Fe",64.0016666666667,6,0.0455997062445096,0.0156161198504567,0.0163881127279564,0.00637525423262776
"130","pyrE-Fe","H26","pyrE","-Fe",64.5016666666667,6,0.0456926526849972,0.0156308620666378,0.0164035837350279,0.00638127271718132
"131","pyrE100microMFe","H26","pyrE","100microMFe",0,6,0,0,0,0
"132","pyrE100microMFe","H26","pyrE","100microMFe",0.501666666666667,6,0.0028010096134649,9.65208960685018e-05,0.000101292468328982,3.9404490814006e-05
"133","pyrE100microMFe","H26","pyrE","100microMFe",1.00166666666667,6,0.00574277538428649,0.000183845018680822,0.000192933514820997,7.50544145867424e-05
"134","pyrE100microMFe","H26","pyrE","100microMFe",1.50166666666667,6,0.00883544020563216,0.000265867970541987,0.000279011323793577,0.000108540144462863
"135","pyrE100microMFe","H26","pyrE","100microMFe",2.00166666666667,6,0.0120790602241406,0.000348072021979681,0.000365279185116135,0.000142099807931505
"136","pyrE100microMFe","H26","pyrE","100microMFe",2.50166666666667,6,0.0154725532291392,0.000437647843116006,0.000459283244289543,0.000178668983777307
"137","pyrE100microMFe","H26","pyrE","100microMFe",3.00166666666667,6,0.019013598102789,0.000542640892630263,0.000569466692391168,0.00022153221675209
"138","pyrE100microMFe","H26","pyrE","100microMFe",3.50166666666667,6,0.0226985474772724,0.0006706835047589,0.000703839172984338,0.000273805394260133
"139","pyrE100microMFe","H26","pyrE","100microMFe",4.00166666666667,6,0.0265223579302785,0.000827909182777277,0.000868837403003633,0.000337992508528157
"140","pyrE100microMFe","H26","pyrE","100microMFe",4.50166666666667,6,0.0304785420258561,0.00101849564124356,0.0010688456249997,0.000415799104382579
"141","pyrE100microMFe","H26","pyrE","100microMFe",5.00166666666667,6,0.0345591462582037,0.00124478175824998,0.00130631834099991,0.000508180024806155
"142","pyrE100microMFe","H26","pyrE","100microMFe",5.50166666666667,6,0.0387547584557646,0.00150762812211034,0.00158215868305205,0.000615486603506791
"143","pyrE100microMFe","H26","pyrE","100microMFe",6.00166666666667,6,0.0430545474419173,0.00180676540753965,0.00189608401160331,0.000737608888897309
"144","pyrE100microMFe","H26","pyrE","100microMFe",6.50166666666667,6,0.0474463367358347,0.00214104314408596,0.00224688698195876,0.000874077203382467
"145","pyrE100microMFe","H26","pyrE","100microMFe",7.00166666666667,6,0.0519167128442585,0.00250858882550655,0.00263260251933138,0.0010241270994898
"146","pyrE100microMFe","H26","pyrE","100microMFe",7.50166666666667,6,0.0564511672965813,0.00290691272057923,0.00305061781104284,0.00118674214870413
"147","pyrE100microMFe","H26","pyrE","100microMFe",8.00166666666667,6,0.061034270087652,0.00333298836686444,0.00349775677954626,0.00136068680290835
"148","pyrE100microMFe","H26","pyrE","100microMFe",8.50166666666667,6,0.0656498707076881,0.00378332743055641,0.003970358643022,0.00154453695578969
"149","pyrE100microMFe","H26","pyrE","100microMFe",9.00166666666667,6,0.070281321558574,0.00425405848124831,0.00446436058442375,0.00173671210250292
"150","pyrE100microMFe","H26","pyrE","100microMFe",9.50166666666667,6,0.0749117173827403,0.00474101323784756,0.00497538826101588,0.00193551054941781
"151","pyrE100microMFe","H26","pyrE","100microMFe",10.0016666666667,6,0.0795241434566426,0.00523982019532117,0.00549885405961677,0.00213914763707789
"152","pyrE100microMFe","H26","pyrE","100microMFe",10.5016666666667,6,0.0841019247973726,0.00574600341266113,0.00603006076821054,0.00234579607021843
"153","pyrE100microMFe","H26","pyrE","100microMFe",11.0016666666667,6,0.0886288685415576,0.0062550830884877,0.00656430712356963,0.00255362697758452
"154","pyrE100microMFe","H26","pyrE","100microMFe",11.5016666666667,6,0.093089491990344,0.00676267406044682,0.00709699118003298,0.00276085012414172
"155","pyrE100microMFe","H26","pyrE","100microMFe",12.0016666666667,6,0.0974692295478404,0.00726457835711897,0.00762370743677766,0.0029657516952346
"156","pyrE100microMFe","H26","pyrE","100microMFe",12.5016666666667,6,0.101754612855554,0.00775686828651737,0.00814033403385023,0.00316672821732407
"157","pyrE100microMFe","H26","pyrE","100microMFe",13.0016666666667,6,0.105933419758785,0.0082359571663464,0.00864310697902065,0.00336231543349452
"158","pyrE100microMFe","H26","pyrE","100microMFe",13.5016666666667,6,0.109994789232409,0.00869865559766435,0.00912867920336967,0.00355121127708038
"159","pyrE100microMFe","H26","pyrE","100microMFe",14.0016666666667,6,0.113929300936504,0.00914221206811756,0.00959416317176973,0.00373229244786709
"160","pyrE100microMFe","H26","pyrE","100microMFe",14.5016666666667,6,0.117729019564348,0.00956433756182578,0.0100371567093758,0.00390462445903469
"161","pyrE100microMFe","H26","pyrE","100microMFe",15.0016666666667,6,0.121387505497355,0.00996321467923399,0.010455752572323,0.00406746536032174
"162","pyrE100microMFe","H26","pyrE","100microMFe",15.5016666666667,6,0.124899794424333,0.0103374924760446,0.0108485330315178,0.00422026363102825
"163","pyrE100microMFe","H26","pyrE","100microMFe",16.0016666666667,6,0.128262349470579,0.010686268778313,0.0112145513134694,0.00436265096018363
"164","pyrE100microMFe","H26","pyrE","100microMFe",16.5016666666667,6,0.131472989995113,0.0110090621027352,0.0115533021324385,0.00449443078305213
"165","pyrE100microMFe","H26","pyrE","100microMFe",17.0016666666667,6,0.13453080155363,0.0113057755067603,0.0118646837534573,0.0046155635230031
"166","pyrE100microMFe","H26","pyrE","100microMFe",17.5016666666667,6,0.1374360316115,0.0115766547268808,0.012148954061159,0.00472614950153948
"167","pyrE100microMFe","H26","pyrE","100microMFe",18.0016666666667,6,0.140189975460138,0.0118222428604308,0.0124066830012419,0.00482641043721948
"168","pyrE100microMFe","H26","pyrE","100microMFe",18.5016666666667,6,0.142794856484769,0.0120433336378129,0.012638703542679,0.00491667036912306
"169","pyrE100microMFe","H26","pyrE","100microMFe",19.0016666666667,6,0.145253704498718,0.0122409250516727,0.0128460630145209,0.00499733672604164
"170","pyrE100microMFe","H26","pyrE","100microMFe",19.5016666666667,6,0.147570235344945,0.0124161747891373,0.0130299763348987,0.00506888213176582
"171","pyrE100microMFe","H26","pyrE","100microMFe",20.0016666666667,6,0.149748734411261,0.0125703585809057,0.0131917823010747,0.00513182740117249
"172","pyrE100microMFe","H26","pyrE","100microMFe",20.5016666666667,6,0.151793946147019,0.0127048322593825,0.0133329037718962,0.00518672605052304
"173","pyrE100microMFe","H26","pyrE","100microMFe",21.0016666666667,6,0.153710971134054,0.0128209980238694,0.0134548122652846,0.00523415052528526
"174","pyrE100microMFe","H26","pyrE","100microMFe",21.5016666666667,6,0.155505171773652,0.012920275154856,0.0135589972247685,0.0052746802442927
"175","pyrE100microMFe","H26","pyrE","100microMFe",22.0016666666667,6,0.157182087217644,0.0130040752073079,0.0136469399864367,0.00530889147244697
"176","pyrE100microMFe","H26","pyrE","100microMFe",22.5016666666667,6,0.158747357802228,0.0130737815458414,0.0137200923024204,0.00533734896598775
"177","pyrE100microMFe","H26","pyrE","100microMFe",23.0016666666667,6,0.160206658939868,0.0131307329609148,0.013779859147141,0.00536059928383098
"178","pyrE100microMFe","H26","pyrE","100microMFe",23.5016666666667,6,0.161565644185388,0.0131762110205581,0.013827585443764,0.00537916562393398
"179","pyrE100microMFe","H26","pyrE","100microMFe",24.0016666666667,6,0.162829897012577,0.0132114307613168,0.013864546294944,0.00539354402288926
"180","pyrE100microMFe","H26","pyrE","100microMFe",24.5016666666667,6,0.164004890710617,0.0132375342990651,0.0138919402777844,0.00540420074755007
"181","pyrE100microMFe","H26","pyrE","100microMFe",25.0016666666667,6,0.165095955728148,0.0132555869392167,0.0139108853617537,0.00541157070703032
"182","pyrE100microMFe","H26","pyrE","100microMFe",25.5016666666667,6,0.166108253749071,0.0132665753810845,0.0139224170242767,0.00541605671963772
"183","pyrE100microMFe","H26","pyrE","100microMFe",26.0016666666667,6,0.16704675777103,0.0132714076378281,0.0139274881667246,0.00541802948019239
"184","pyrE100microMFe","H26","pyrE","100microMFe",26.5016666666667,6,0.167916237467935,0.013270914327415,0.0139269704691956,0.00541782808705956
"185","pyrE100microMFe","H26","pyrE","100microMFe",27.0016666666667,6,0.168721249146014,0.0132658510279505,0.013921656862282,0.00541576100370908
"186","pyrE100microMFe","H26","pyrE","100microMFe",27.5016666666667,6,0.169466129643412,0.0132569014299803,0.0139122648352094,0.0054121073456374
"187","pyrE100microMFe","H26","pyrE","100microMFe",28.0016666666667,6,0.170154993571979,0.0132446810569861,0.0138994403402564,0.00540711839925367
"188","pyrE100microMFe","H26","pyrE","100microMFe",28.5016666666667,6,0.170791733353139,0.0132297413619163,0.013883762091801,0.00540101929428138
"189","pyrE100microMFe","H26","pyrE","100microMFe",29.0016666666667,6,0.171380021554762,0.0132125740413296,0.0138657460937358,0.00539401076500003
"190","pyrE100microMFe","H26","pyrE","100microMFe",29.5016666666667,6,0.171923315090788,0.0131936154390722,0.0138458502608442,0.00538627094803885
"191","pyrE100microMFe","H26","pyrE","100microMFe",30.0016666666667,6,0.172424860898275,0.0131732509381459,0.0138244790277835,0.00537795717534952
"192","pyrE100microMFe","H26","pyrE","100microMFe",30.5016666666667,6,0.172887702756672,0.0131518192625588,0.0138019878635997,0.00536920773042932
"193","pyrE100microMFe","H26","pyrE","100microMFe",31.0016666666667,6,0.173314688960603,0.0131296166306261,0.01377868763035,0.00536014354389899
"194","pyrE100microMFe","H26","pyrE","100microMFe",31.5016666666667,6,0.173708480600012,0.0131069007176605,0.0137548487416912,0.0053508698112645
"195","pyrE100microMFe","H26","pyrE","100microMFe",32.0016666666667,6,0.174071560239905,0.0130838943995651,0.0137307050915391,0.00534147752123217
"196","pyrE100microMFe","H26","pyrE","100microMFe",32.5016666666667,6,0.174406240826241,0.0130607892598364,0.013706457734443,0.00533204488743699
"197","pyrE100microMFe","H26","pyrE","100microMFe",33.0016666666667,6,0.174714674674806,0.0130377488512528,0.0136822783085176,0.00532263868002116
"198","pyrE100microMFe","H26","pyrE","100microMFe",33.5016666666667,6,0.174998862426439,0.0130149117103657,0.0136583121989573,0.0053133154562949
"199","pyrE100microMFe","H26","pyrE","100microMFe",34.0016666666667,6,0.175260661874987,0.0129923941281418,0.0136346814456473,0.0053041226918466
"200","pyrE100microMFe","H26","pyrE","100microMFe",34.5016666666667,6,0.175501796594191,0.0129702926839912,0.0136114874024625,0.00529509981505534
"201","pyrE100microMFe","H26","pyrE","100microMFe",35.0016666666667,6,0.175723864306619,0.0129486865531948,0.0135888131587645,0.0052862791490942
"202","pyrE100microMFe","H26","pyrE","100microMFe",35.5016666666667,6,0.175928344952066,0.0129276395996357,0.0135667257355883,0.0052776867662842
"203","pyrE100microMFe","H26","pyrE","100microMFe",36.0016666666667,6,0.176116608424899,0.0129072022669126,0.0135452780702443,0.00526934326013835
"204","pyrE100microMFe","H26","pyrE","100microMFe",36.5016666666667,6,0.176289921959837,0.012887413281535,0.0135245108037117,0.00526126444068796
"205","pyrE100microMFe","H26","pyrE","100microMFe",37.0016666666667,6,0.176449457153894,0.0128683011820818,0.0135044538853923,0.00525346195875902
"206","pyrE100microMFe","H26","pyrE","100microMFe",37.5016666666667,6,0.176596296619013,0.0128498856880681,0.013485128009648,0.00524594386480988
"207","pyrE100microMFe","H26","pyrE","100microMFe",38.0016666666667,6,0.176731440265316,0.0128321789218885,0.0134665458981518,0.0052387151077874
"208","pyrE100microMFe","H26","pyrE","100microMFe",38.5016666666667,6,0.17685581121926,0.0128151864966554,0.013448713441504,0.00523177797923516
"209","pyrE100microMFe","H26","pyrE","100microMFe",39.0016666666667,6,0.176970261384391,0.0127989084820907,0.013431630712873,0.00522513250761697
"210","pyrE100microMFe","H26","pyrE","100microMFe",39.5016666666667,6,0.177075576654954,0.012783340259897,0.0134152928656531,0.00521877680752083
"211","pyrE100microMFe","H26","pyrE","100microMFe",40.0016666666667,6,0.177172481794602,0.0127684732792654,0.0133996909263207,0.00521270738809363
"212","pyrE100microMFe","H26","pyrE","100microMFe",40.5016666666667,6,0.177261644993793,0.0127542957223968,0.0133848124928561,0.00520691942473905
"213","pyrE100microMFe","H26","pyrE","100microMFe",41.0016666666667,6,0.177343682120435,0.0127407930891398,0.0133706423482838,0.00520140699779513
"214","pyrE100microMFe","H26","pyrE","100microMFe",41.5016666666667,6,0.177419160678871,0.0127279487091,0.0133571629980976,0.0051961633016018
"215","pyrE100microMFe","H26","pyrE","100microMFe",42.0016666666667,6,0.177488603492573,0.0127157441888511,0.0133443551395806,0.00519118082707427
"216","pyrE100microMFe","H26","pyrE","100microMFe",42.5016666666667,6,0.177552492125943,0.0127041598012014,0.0133321980703146,0.0051864515206202
"217","pyrE100microMFe","H26","pyrE","100microMFe",43.0016666666667,6,0.177611270060429,0.0126931748228228,0.0133206700425006,0.00518196692197635
"218","pyrE100microMFe","H26","pyrE","100microMFe",43.5016666666667,6,0.17766534563986,0.0126827678259569,0.0133097485690853,0.00517771828329701
"219","pyrE100microMFe","H26","pyrE","100microMFe",44.0016666666667,6,0.177715094799486,0.012672916929357,0.0132994106871084,0.00517369667160053
"220","pyrE100microMFe","H26","pyrE","100microMFe",44.5016666666667,6,0.17776086359267,0.0126636000131127,0.0132896331831477,0.00516989305647142
"221","pyrE100microMFe","H26","pyrE","100microMFe",45.0016666666667,6,0.177802970528623,0.0126547949015426,0.0132803927852528,0.00516629838472556
"222","pyrE100microMFe","H26","pyrE","100microMFe",45.5016666666667,6,0.177841708733976,0.0126464795179035,0.0132716663253025,0.00516290364357035
"223","pyrE100microMFe","H26","pyrE","100microMFe",46.0016666666667,6,0.177877347950307,0.0126386320142827,0.0132634308753187,0.00515969991363277
"224","pyrE100microMFe","H26","pyrE","100microMFe",46.5016666666667,6,0.177910136379143,0.0126312308796819,0.0132556638608929,0.0051566784130845
"225","pyrE100microMFe","H26","pyrE","100microMFe",47.0016666666667,6,0.177940302385275,0.0126242550289799,0.0132483431545476,0.00515383053396088
"226","pyrE100microMFe","H26","pyrE","100microMFe",47.5016666666667,6,0.177968056068613,0.0126176838751744,0.0132414471515489,0.00515114787165339
"227","pyrE100microMFe","H26","pyrE","100microMFe",48.0016666666667,6,0.177993590714153,0.0126114973870365,0.0132349548304112,0.00514862224844715
"228","pyrE100microMFe","H26","pyrE","100microMFe",48.5016666666667,6,0.178017084129059,0.0126056761340809,0.0132288458000907,0.00514624573187964
"229","pyrE100microMFe","H26","pyrE","100microMFe",49.0016666666667,6,0.178038699875247,0.0126002013205365,0.0132231003356355,0.00514401064860955
"230","pyrE100microMFe","H26","pyrE","100microMFe",49.5016666666667,6,0.178058588405323,0.0125950548098176,0.0132176994038659,0.00514190959440667
"231","pyrE100microMFe","H26","pyrE","100microMFe",50.0016666666667,6,0.178076888109165,0.0125902191408186,0.0132126246804756,0.00513993544080459
"232","pyrE100microMFe","H26","pyrE","100microMFe",50.5016666666667,6,0.178093726277976,0.012585677537208,0.0132078585597844,0.0051380813388946
"233","pyrE100microMFe","H26","pyrE","100microMFe",51.0016666666667,6,0.178109219992102,0.012581413910754,0.0132033841582284,0.0051363407206836
"234","pyrE100microMFe","H26","pyrE","100microMFe",51.5016666666667,6,0.178123476938509,0.0125774128595969,0.0131991853125471,0.00513470729838866
"235","pyrE100microMFe","H26","pyrE","100microMFe",52.0016666666667,6,0.178136596163348,0.0125736596622696,0.0131952465735083,0.00513317506199602
"236","pyrE100microMFe","H26","pyrE","100microMFe",52.5016666666667,6,0.178148668764659,0.0125701402681729,0.0131915531959123,0.00513173827537256
"237","pyrE100microMFe","H26","pyrE","100microMFe",53.0016666666667,6,0.178159778529888,0.0125668412851227,0.013188091125524,0.00513039147118202
"238","pyrE100microMFe","H26","pyrE","100microMFe",53.5016666666667,6,0.178170002522545,0.0125637499645107,0.0131848469834994,0.00512912944482692
"239","pyrE100microMFe","H26","pyrE","100microMFe",54.0016666666667,6,0.178179411621982,0.0125608541845497,0.013181808048803,0.00512794724760826
"240","pyrE100microMFe","H26","pyrE","100microMFe",54.5016666666667,6,0.178188071020013,0.0125581424320135,0.013178962239045,0.0051268401792712
"241","pyrE100microMFe","H26","pyrE","100microMFe",55.0016666666667,6,0.178196040677767,0.0125556037828286,0.0131762980901131,0.00512580378008137
"242","pyrE100microMFe","H26","pyrE","100microMFe",55.5016666666667,6,0.178203375745932,0.0125532278818238,0.0131738047349219,0.00512483382255787
"243","pyrE100microMFe","H26","pyrE","100microMFe",56.0016666666667,6,0.178210126951299,0.0125510049219045,0.0131714718815565,0.00512392630297104
"244","pyrE100microMFe","H26","pyrE","100microMFe",56.5016666666667,6,0.178216340952281,0.0125489256228772,0.0131692897910512,0.00512307743269777
"245","pyrE100microMFe","H26","pyrE","100microMFe",57.0016666666667,6,0.178222060665891,0.0125469812101197,0.0131672492550049,0.00512228362951358
"246","pyrE100microMFe","H26","pyrE","100microMFe",57.5016666666667,6,0.178227325568441,0.0125451633932611,0.0131653415732067,0.00512154150888869
"247","pyrE100microMFe","H26","pyrE","100microMFe",58.0016666666667,6,0.178232171972078,0.0125434643450098,0.0131635585314179,0.00512084787534468
"248","pyrE100microMFe","H26","pyrE","100microMFe",58.5016666666667,6,0.178236633279079,0.0125418766802468,0.0131618923794314,0.00512019971391936
"249","pyrE100microMFe","H26","pyrE","100microMFe",59.0016666666667,6,0.178240740215701,0.0125403934354791,0.0131603358095094,0.00511959418177861
"250","pyrE100microMFe","H26","pyrE","100microMFe",59.5016666666667,6,0.178244521047204,0.0125390080487329,0.0131588819352829,0.00511902860000783
"251","pyrE100microMFe","H26","pyrE","100microMFe",60.0016666666667,6,0.178248001775585,0.0125377143399498,0.0131575242711783,0.00511850044560878
"252","pyrE100microMFe","H26","pyrE","100microMFe",60.5016666666667,6,0.178251206321389,0.0125365064919362,0.0131562567124252,0.00511800734372208
"253","pyrE100microMFe","H26","pyrE","100microMFe",61.0016666666667,6,0.178254156690892,0.0125353790319044,0.0131550735156853,0.00511754706009154
"254","pyrE100microMFe","H26","pyrE","100microMFe",61.5016666666667,6,0.178256873129823,0.0125343268136351,0.0131539692803326,0.0051171174937819
"255","pyrE100microMFe","H26","pyrE","100microMFe",62.0016666666667,6,0.178259374264714,0.0125333450002803,0.0131529389304063,0.00511671667015824
"256","pyrE100microMFe","H26","pyrE","100microMFe",62.5016666666667,6,0.178261677232875,0.0125324290478204,0.0131519776972504,0.00511634273413232
"257","pyrE100microMFe","H26","pyrE","100microMFe",63.0016666666667,6,0.1782637978019,0.0125315746891814,0.0131510811028454,0.00511599394367854
"258","pyrE100microMFe","H26","pyrE","100microMFe",63.5016666666667,6,0.178265750479564,0.0125307779190143,0.0131502449438352,0.00511566866361991
"259","pyrE100microMFe","H26","pyrE","100microMFe",64.0016666666667,6,0.17826754861487,0.0125300349791316,0.013149465276244,0.00511536535968287
"260","pyrE100microMFe","H26","pyrE","100microMFe",64.5016666666667,6,0.178269204490968,0.0125293423445955,0.0131487384008765,0.00511508259281761
"261","pyrE1microMFe","H26","pyrE","1microMFe",0,6,0,0,0,0
"262","pyrE1microMFe","H26","pyrE","1microMFe",0.501666666666667,6,0.0017083242578429,0.000216233538343844,0.000226923181678845,8.82769723698267e-05
"263","pyrE1microMFe","H26","pyrE","1microMFe",1.00166666666667,6,0.00344803639419355,0.000452721357991753,0.000475101928018655,0.000184822720456612
"264","pyrE1microMFe","H26","pyrE","1microMFe",1.50166666666667,6,0.00522304499172869,0.000710361211560632,0.000745478372611418,0.000290003750231467
"265","pyrE1microMFe","H26","pyrE","1microMFe",2.00166666666667,6,0.00703144476048137,0.000989219921800436,0.0010381226416325,0.000403847341967824
"266","pyrE1microMFe","H26","pyrE","1microMFe",2.50166666666667,6,0.00887113132019693,0.00128921213067424,0.00135294515731578,0.000526318648393032
"267","pyrE1microMFe","H26","pyrE","1microMFe",3.00166666666667,6,0.0107398061046928,0.00161009661937024,0.00168969277604317,0.000657319192339547
"268","pyrE1microMFe","H26","pyrE","1microMFe",3.50166666666667,6,0.0126349835775272,0.00195147427035682,0.00204794664965246,0.000796686034757386
"269","pyrE1microMFe","H26","pyrE","1microMFe",4.00166666666667,6,0.0145540008056206,0.00231278786263949,0.00242712201057274,0.000944191691128143
"270","pyrE1microMFe","H26","pyrE","1microMFe",4.50166666666667,6,0.0164940293923367,0.00269332384858095,0.00282647003648266,0.00109954485684872
"271","pyrE1microMFe","H26","pyrE","1microMFe",5.00166666666667,6,0.0184520897224812,0.00309221621199816,0.00324508189913503,0.00126239198229289
"272","pyrE1microMFe","H26","pyrE","1microMFe",5.50166666666667,6,0.0204250674200632,0.00350845245395063,0.00368189504605632,0.00143231971649909
"273","pyrE1microMFe","H26","pyrE","1microMFe",6.00166666666667,6,0.0224097318670787,0.00394088169619025,0.00413570170459579,0.00160885821539
"274","pyrE1microMFe","H26","pyrE","1microMFe",6.50166666666667,6,0.0244027565798007,0.00438822483443177,0.00460515953712935,0.00179148528682784
"275","pyrE1microMFe","H26","pyrE","1microMFe",7.00166666666667,6,0.0264007411899769,0.00484908661639169,0.00508880431618406,0.00197963132145311
"276","pyrE1microMFe","H26","pyrE","1microMFe",7.50166666666667,6,0.0284002347338513,0.00532196946500328,0.00558506443101261,0.00217268493598847
"277","pyrE1microMFe","H26","pyrE","1microMFe",8.00166666666667,6,0.0303977599138599,0.00580528881740382,0.00609227698487317,0.00236999923535409
"278","pyrE1microMFe","H26","pyrE","1microMFe",8.50166666666667,6,0.0323898379678376,0.00629738970714498,0.00660870519699208,0.00257089858232667
"279","pyrE1microMFe","H26","pyrE","1microMFe",9.00166666666667,6,0.0343730137599666,0.00679656428228738,0.00713255678667645,0.00277468574927158
"280","pyrE1microMFe","H26","pyrE","1microMFe",9.50166666666667,6,0.0363438806974839,0.0073010699269728,0.00766200299073802,0.00298064931624377
"281","pyrE1microMFe","H26","pyrE","1microMFe",10.0016666666667,6,0.0382991050779061,0.00780914763964571,0.0081951978502538,0.00318807117386527
"282","pyrE1microMFe","H26","pyrE","1microMFe",10.5016666666667,6,0.0402354494833115,0.00831904031778746,0.00873029739921777,0.00339623398803668
"283","pyrE1microMFe","H26","pyrE","1microMFe",11.0016666666667,6,0.0421497948606547,0.00882901060678049,0.00926547839577512,0.00360442848670545
"284","pyrE1microMFe","H26","pyrE","1microMFe",11.5016666666667,6,0.0440391609593342,0.00933735798879759,0.00979895625591168,0.00381196043637571
"285","pyrE1microMFe","H26","pyrE","1microMFe",12.0016666666667,6,0.045900724838012,0.00984243481541146,0.0103290018786458,0.00401815718739374
"286","pyrE1microMFe","H26","pyrE","1microMFe",12.5016666666667,6,0.0477318372004221,0.0103426610235546,0.0108539570894813,0.00422237368171341
"287","pyrE1microMFe","H26","pyrE","1microMFe",13.0016666666667,6,0.0495300363727243,0.0108365373168295,0.0113722484733436,0.00442399783414349
"288","pyrE1microMFe","H26","pyrE","1microMFe",13.5016666666667,6,0.0512930597908846,0.0113226566410795,0.0118823994174537,0.00462245521722999
"289","pyrE1microMFe","H26","pyrE","1microMFe",14.0016666666667,6,0.053018852923554,0.011799713832599,0.012383040236503,0.00481721300012134
"290","pyrE1microMFe","H26","pyrE","1microMFe",14.5016666666667,6,0.0547055756119967,0.0122665133674102,0.0128729163050207,0.00500778311219732
"291","pyrE1microMFe","H26","pyrE","1microMFe",15.0016666666667,6,0.0563516058619889,0.0127219751888197,0.0133508941730198,0.00519372462215932
"292","pyrE1microMFe","H26","pyrE","1microMFe",15.5016666666667,6,0.0579555411716775,0.0131651386363404,0.0138159656891472,0.00537464534200572
"293","pyrE1microMFe","H26","pyrE","1microMFe",16.0016666666667,6,0.0595161975228863,0.0135951645406343,0.0142672501991917,0.00555020268228886
"294","pyrE1microMFe","H26","pyrE","1microMFe",16.5016666666667,6,0.0610326062003199,0.0140113355853419,0.0147039949258007,0.00572010379983133
"295","pyrE1microMFe","H26","pyrE","1microMFe",17.0016666666667,6,0.0625040086329376,0.0144130550667611,0.0151255736668425,0.00588410509136676
"296","pyrE1microMFe","H26","pyrE","1microMFe",17.5016666666667,6,0.0639298494741685,0.0147998442059209,0.0155314839746014,0.0060420110961987
"297","pyrE1microMFe","H26","pyrE","1microMFe",18.0016666666667,6,0.065309768152661,0.0151713381845652,0.0159213429957976,0.00619367287789787
"298","pyrE1microMFe","H26","pyrE","1microMFe",18.5016666666667,6,0.0666435891332021,0.0155272810870958,0.0162948821634812,0.00633898595935873
"299","pyrE1microMFe","H26","pyrE","1microMFe",19.0016666666667,6,0.0679313111288534,0.0158675199350331,0.0166519409365838,0.00647788788737854
"300","pyrE1microMFe","H26","pyrE","1microMFe",19.5016666666667,6,0.0691730955009273,0.0161919979996386,0.0169924597819453,0.00661035550254677
"301","pyrE1microMFe","H26","pyrE","1microMFe",20.0016666666667,6,0.0703692540740093,0.0165007475727165,0.0173164725877359,0.00673640198793726
"302","pyrE1microMFe","H26","pyrE","1microMFe",20.5016666666667,6,0.0715202365797067,0.0167938823660826,0.0176240986871878,0.00685607376620445
"303","pyrE1microMFe","H26","pyrE","1microMFe",21.0016666666667,6,0.0726266179260838,0.0170715896975785,0.01791553465832,0.00696944730953693
"304","pyrE1microMFe","H26","pyrE","1microMFe",21.5016666666667,6,0.0736890854707297,0.0173341226066384,0.018191046049733,0.00707662592085111
"305","pyrE1microMFe","H26","pyrE","1microMFe",22.0016666666667,6,0.0747084264549217,0.0175817920260598,0.0184509591653862,0.00717773653793008
"306","pyrE1microMFe","H26","pyrE","1microMFe",22.5016666666667,6,0.0756855157351636,0.0178149591194878,0.0186956530232805,0.0072729266052145
"307","pyrE1microMFe","H26","pyrE","1microMFe",23.0016666666667,6,0.0766213039271545,0.0180340278768131,0.0189255515848053,0.00736236105088658
"308","pyrE1microMFe","H26","pyrE","1microMFe",23.5016666666667,6,0.0775168060565311,0.0182394380427289,0.0191411163337144,0.00744621939996564
"309","pyrE1microMFe","H26","pyrE","1microMFe",24.0016666666667,6,0.0783730907909857,0.0184316584375079,0.0193428392667103,0.00752469304752645
"310","pyrE1microMFe","H26","pyrE","1microMFe",24.5016666666667,6,0.0791912703099329,0.0186111807139665,0.0195312363417812,0.00759798270999083
"311","pyrE1microMFe","H26","pyrE","1microMFe",25.0016666666667,6,0.0799724908510188,0.018778513580818,0.0197068414159811,0.00766629606682137
"312","pyrE1microMFe","H26","pyrE","1microMFe",25.5016666666667,6,0.0807179239576172,0.0189341775103131,0.0198702006914396,0.00772984559992464
"313","pyrE1microMFe","H26","pyrE","1microMFe",26.0016666666667,6,0.0814287584380907,0.0190786999373042,0.0200218676770883,0.00778884663367743
"314","pyrE1microMFe","H26","pyrE","1microMFe",26.5016666666667,6,0.0821061930360422,0.0192126109476632,0.0201623986639335,0.00784351557473079
"315","pyrE1microMFe","H26","pyrE","1microMFe",27.0016666666667,6,0.0827514298010072,0.0193364394462881,0.0202923487036253,0.00789406834760512
"316","pyrE1microMFe","H26","pyrE","1microMFe",27.5016666666667,6,0.0833656681409389,0.0194507097886781,0.0204122680735125,0.00794071901953655
"317","pyrE1microMFe","H26","pyrE","1microMFe",28.0016666666667,6,0.0839500995313326,0.0195559388551406,0.0205226992062112,0.00798367860602698
"318","pyrE1microMFe","H26","pyrE","1microMFe",28.5016666666667,6,0.0845059028507692,0.0196526335429879,0.0206241740578267,0.00802315404703756
"319","pyrE1microMFe","H26","pyrE","1microMFe",29.0016666666667,6,0.0850342403088953,0.0197412886494604,0.0207172118862178,0.00805934734269587
"320","pyrE1microMFe","H26","pyrE","1microMFe",29.5016666666667,6,0.0855362539302487,0.0198223851164381,0.0208023174089338,0.00809245483670218
"321","pyrE1microMFe","H26","pyrE","1microMFe",30.0016666666667,6,0.0860130625557315,0.019896388607136,0.020879979309549,0.00812266663526797
"322","pyrE1microMFe","H26","pyrE","1microMFe",30.5016666666667,6,0.0864657593227816,0.0199637483847974,0.0209506690609223,0.00815016614934424
"323","pyrE1microMFe","H26","pyrE","1microMFe",31.0016666666667,6,0.0868954095852633,0.0200248964637733,0.0210148400343107,0.0081751297480513
"324","pyrE1microMFe","H26","pyrE","1microMFe",31.5016666666667,6,0.0873030492346574,0.0200802470042019,0.021072926864124,0.00819772651155752
"325","pyrE1microMFe","H26","pyrE","1microMFe",32.0016666666667,6,0.0876896833851678,0.0201301959226714,0.0211253450393402,0.00821811807213324
"326","pyrE1microMFe","H26","pyrE","1microMFe",32.5016666666667,6,0.0880562853867648,0.0201751206926808,0.0211724906941022,0.00823645853268905
"327","pyrE1microMFe","H26","pyrE","1microMFe",33.0016666666667,6,0.0884037961318741,0.0202153803103239,0.0212147405717055,0.00825289445276658
"328","pyrE1microMFe","H26","pyrE","1microMFe",33.5016666666667,6,0.0887331236233022,0.0202513154023511,0.0212524521380017,0.00826756489265434
"329","pyrE1microMFe","H26","pyrE","1microMFe",34.0016666666667,6,0.0890451427730044,0.0202832484555496,0.0212859638221189,0.0082806015070319
"330","pyrE1microMFe","H26","pyrE","1microMFe",34.5016666666667,6,0.0893406954033915,0.0203114841481896,0.0213155953642924,0.00829212868028224
"331","pyrE1microMFe","H26","pyrE","1microMFe",35.0016666666667,6,0.0896205904249863,0.0203363097660666,0.021341648252475,0.00830226369634023
"332","pyrE1microMFe","H26","pyrE","1microMFe",35.5016666666667,6,0.0898856041663399,0.0203579956874047,0.0213644062312112,0.00831111693665367
"333","pyrE1microMFe","H26","pyrE","1microMFe",36.0016666666667,6,0.0901364808341824,0.0203767959225499,0.021384135868011,0.00831879210051202
"334","pyrE1microMFe","H26","pyrE","1microMFe",36.5016666666667,6,0.0903739330837668,0.0203929486959604,0.0214010871641112,0.00832538644264312
"335","pyrE1microMFe","H26","pyrE","1microMFe",37.0016666666667,6,0.0905986426812779,0.020406677059481,0.0214154941980672,0.00833099102358126
"336","pyrE1microMFe","H26","pyrE","1microMFe",37.5016666666667,6,0.0908112612419797,0.0204181895272642,0.021427575792062,0.00833569096887277
"337","pyrE1microMFe","H26","pyrE","1microMFe",38.0016666666667,6,0.0910124110294819,0.0204276807239726,0.0214375361921531,0.00833956573370344
"338","pyrE1microMFe","H26","pyrE","1microMFe",38.5016666666667,6,0.0912026858030913,0.0204353320390565,0.0214455657548941,0.00834268937000621
"339","pyrE1microMFe","H26","pyrE","1microMFe",39.0016666666667,6,0.0913826517016933,0.0204413122809584,0.0214518416338812,0.00834513079353924
"340","pyrE1microMFe","H26","pyrE","1microMFe",39.5016666666667,6,0.0915528481539682,0.0204457783260512,0.021456528460771,0.00834695404881352
"341","pyrE1microMFe","H26","pyrE","1microMFe",40.0016666666667,6,0.0917137888060022,0.020448875757969,0.0214597790162177,0.00834821857009877
"342","pyrE1microMFe","H26","pyrE","1microMFe",40.5016666666667,6,0.0918659624584921,0.0204507394937576,0.0214617348869776,0.00834897943704834
"343","pyrE1microMFe","H26","pyrE","1microMFe",41.0016666666667,6,0.0920098340067846,0.0204514943939448,0.0214625271061386,0.00834928762375926
"344","pyrE1microMFe","H26","pyrE","1microMFe",41.5016666666667,6,0.0921458453779325,0.0204512558542301,0.0214622767740605,0.00834919024032852
"345","pyrE1microMFe","H26","pyrE","1microMFe",42.0016666666667,6,0.0922744164597969,0.0204501303770126,0.0214610956581565,0.00834873076617851
"346","pyrE1microMFe","H26","pyrE","1microMFe",42.5016666666667,6,0.0923959460179893,0.0204482161214346,0.0214590867701291,0.0083479492746113
"347","pyrE1microMFe","H26","pyrE","1microMFe",43.0016666666667,6,0.0925108125971262,0.0204456034310092,0.0214563449196806,0.00834688264821158
"348","pyrE1microMFe","H26","pyrE","1microMFe",43.5016666666667,6,0.0926193754034785,0.0204423753382382,0.0214529572440779,0.00834556478485638
"349","pyrE1microMFe","H26","pyrE","1microMFe",44.0016666666667,6,0.0927219751666337,0.0204386080459177,0.0214490037132508,0.00834402679420684
"350","pyrE1microMFe","H26","pyrE","1microMFe",44.5016666666667,6,0.0928189349782684,0.0204343713850672,0.0214445576103602,0.00834229718465738
"351","pyrE1microMFe","H26","pyrE","1microMFe",45.0016666666667,6,0.0929105611065436,0.0204297292496283,0.0214396859879853,0.00834040204080031
"352","pyrE1microMFe","H26","pyrE","1microMFe",45.5016666666667,6,0.0929971437850049,0.0204247400082412,0.0214344501002577,0.00833836519153335
"353","pyrE1microMFe","H26","pyrE","1microMFe",46.0016666666667,6,0.0930789579751889,0.0204194568935539,0.0214289058114152,0.0083362083689939
"354","pyrE1microMFe","H26","pyrE","1microMFe",46.5016666666667,6,0.093156264102414,0.0204139283696196,0.0214231039813625,0.00833395135854894
"355","pyrE1microMFe","H26","pyrE","1microMFe",47.0016666666667,6,0.0932293087644752,0.0204081984780374,0.0214170908289235,0.00833161214010599
"356","pyrE1microMFe","H26","pyrE","1microMFe",47.5016666666667,6,0.0932983254131655,0.020402307163549,0.0214109082735335,0.0083292070210375
"357","pyrE1microMFe","H26","pyrE","1microMFe",48.0016666666667,6,0.0933635350087253,0.0203962905798584,0.0214045942561782,0.00832675076103139
"358","pyrE1microMFe","H26","pyrE","1microMFe",48.5016666666667,6,0.0934251466474662,0.0203901813764786,0.02139818304042,0.0083242566891955
"359","pyrE1microMFe","H26","pyrE","1microMFe",49.0016666666667,6,0.0934833581629423,0.0203840089674254,0.0213917054943756,0.00832173681375149
"360","pyrE1microMFe","H26","pyrE","1microMFe",49.5016666666667,6,0.0935383567011439,0.0203777997825958,0.0213851893545207,0.00831920192465962
"361","pyrE1microMFe","H26","pyrE","1microMFe",50.0016666666667,6,0.093590319270273,0.0203715775026662,0.0213786594722011,0.00831666168951557
"362","pyrE1microMFe","H26","pyrE","1microMFe",50.5016666666667,6,0.0936394132657309,0.0203653632783441,0.0213721380437232,0.00831412474305951
"363","pyrE1microMFe","H26","pyrE","1microMFe",51.0016666666667,6,0.0936857969709962,0.0203591759347916,0.021365644824883,0.0083115987706317
"364","pyrE1microMFe","H26","pyrE","1microMFe",51.5016666666667,6,0.09372962003512,0.0203530321620263,0.0213591973307796,0.00830909058590327
"365","pyrE1microMFe","H26","pyrE","1microMFe",52.0016666666667,6,0.0937710239275896,0.0203469466920818,0.0213528110217343,0.00830660620320175
"366","pyrE1microMFe","H26","pyrE","1microMFe",52.5016666666667,6,0.0938101423713364,0.0203409324636882,0.0213464994761117,0.00830415090474162
"367","pyrE1microMFe","H26","pyrE","1microMFe",53.0016666666667,6,0.0938471017546756,0.0203350007752069,0.0213402745508146,0.00830172930305955
"368","pyrE1microMFe","H26","pyrE","1microMFe",53.5016666666667,6,0.0938820215229717,0.0203291614265239,0.0213341465301929,0.00829934539894229
"369","pyrE1microMFe","H26","pyrE","1microMFe",54.0016666666667,6,0.0939150145508237,0.0203234228505815,0.0213281242640766,0.0082970026351241
"370","pyrE1microMFe","H26","pyrE","1microMFe",54.5016666666667,6,0.0939461874955597,0.0203177922351938,0.0213222152956143,0.00829470394601784
"371","pyrE1microMFe","H26","pyrE","1microMFe",55.0016666666667,6,0.0939756411328214,0.0203122756357648,0.0213164259795624,0.00829245180373174
"372","pyrE1microMFe","H26","pyrE","1microMFe",55.5016666666667,6,0.0940034706750056,0.0203068780794956,0.0213107615916452,0.00829024826061217
"373","pyrE1microMFe","H26","pyrE","1microMFe",56.0016666666667,6,0.094029766073317,0.0203016036616406,0.0213052264295685,0.0082880949885397
"374","pyrE1microMFe","H26","pyrE","1microMFe",56.5016666666667,6,0.0940546123041674,0.0202964556343389,0.0212998239062429,0.00828599331519448
"375","pyrE1microMFe","H26","pyrE","1microMFe",57.0016666666667,6,0.0940780896406361,0.0202914364885217,0.0212945566357404,0.00828394425749502
"376","pyrE1microMFe","H26","pyrE","1microMFe",57.5016666666667,6,0.0941002739096882,0.0202865480293692,0.0212894265124817,0.00828194855240303
"377","pyrE1microMFe","H26","pyrE","1microMFe",58.0016666666667,6,0.094121236735824,0.0202817914457593,0.0212844347841174,0.00828000668527585
"378","pyrE1microMFe","H26","pyrE","1microMFe",58.5016666666667,6,0.0941410457718096,0.0202771673741291,0.0212795821185471,0.00827811891593783
"379","pyrE1microMFe","H26","pyrE","1microMFe",59.0016666666667,6,0.0941597649171174,0.020272675957142,0.0212748686654872,0.00827628530263107
"380","pyrE1microMFe","H26","pyrE","1microMFe",59.5016666666667,6,0.0941774545246806,0.0202683168975309,0.0212702941129749,0.00827450572399682
"381","pyrE1microMFe","H26","pyrE","1microMFe",60.0016666666667,6,0.0941941715965425,0.0202640895074641,0.0212658577391751,0.00827277989922892
"382","pyrE1microMFe","H26","pyrE","1microMFe",60.5016666666667,6,0.0942099699689591,0.0202599927537586,0.0212615584598287,0.00827110740653221
"383","pyrE1microMFe","H26","pyrE","1microMFe",61.0016666666667,6,0.0942249004874884,0.0202560252992458,0.0212573948716632,0.00826948770000985
"384","pyrE1microMFe","H26","pyrE","1microMFe",61.5016666666667,6,0.0942390111725792,0.0202521855405732,0.0212533652920636,0.00826792012509596
"385","pyrE1microMFe","H26","pyrE","1microMFe",62.0016666666667,6,0.0942523473761484,0.0202484716427089,0.0212494677952819,0.00826640393264191
"386","pyrE1microMFe","H26","pyrE","1microMFe",62.5016666666667,6,0.0942649519296141,0.0202448815703963,0.0212457002454473,0.00826493829175765
"387","pyrE1microMFe","H26","pyrE","1microMFe",63.0016666666667,6,0.0942768652838313,0.0202414131167907,0.0212420603266182,0.00826352230150261
"388","pyrE1microMFe","H26","pyrE","1microMFe",63.5016666666667,6,0.0942881256413542,0.0202380639294934,0.0212385455701037,0.00826215500151405
"389","pyrE1microMFe","H26","pyrE","1microMFe",64.0016666666667,6,0.0942987690814334,0.020234831534185,0.0212351533792648,0.00826083538165528
"390","pyrE1microMFe","H26","pyrE","1microMFe",64.5016666666667,6,0.0943088296781301,0.0202317133560431,0.0212318810519912,0.00825956239075951
