"","variable","k","n0","r","t_mid","t_gen","auc_l","auc_e","sigma","strain","name","media","condition","techrep","biorep","ID"
"2","10",0.352990269849019,0.272437216613701,0.0807722275529084,-15.0855338892488,8.58150383565827,21.8191202950328,21.6489375,0.00544368368109866,"H26","pyrE","PR","(--Fe)",3,2,"pyrE ((--Fe))"
"3","100",0.592787542728784,0.239043092482536,0.0870939379846217,4.50009415811143,7.95861568094825,32.3847087865464,32.1086966666667,0.0184944637737597,"SH118","idr","PR","(10Fe)",3,3,"idr ((10Fe))"
"4","101",0.603089365227316,0.241409175472983,0.0812725057723712,4.9742166361718,8.52867982809978,32.4629785473992,32.1809675,0.0188594260828097,"SH119","sirR","PR","(10Fe)",1,1,"sirR ((10Fe))"
"5","102",0.65906861246418,0.224426664493922,0.0805515757092305,8.20559481171379,8.6050108201734,34.109128564091,33.81169,0.0225529640064143,"SH119","sirR","PR","(10Fe)",2,1,"sirR ((10Fe))"
"6","103",0.67012544085097,0.222772168315091,0.0801094898353437,8.7030765060027,8.65249775007472,34.437028093552,34.1351841666667,0.0222324945050295,"SH119","sirR","PR","(10Fe)",3,1,"sirR ((10Fe))"
"7","104",0.691078305388795,0.198346874580528,0.0789035429685949,11.5323955874687,8.78474089352149,34.1153471977707,33.8076508333333,0.0206222234848312,"SH119","sirR","PR","(10Fe)",1,2,"sirR ((10Fe))"
"8","105",0.653593369671569,0.200456873042025,0.0825410052217556,9.88107993603072,8.39761011751345,33.2081830609241,32.9186558333333,0.0228592319732881,"SH119","sirR","PR","(10Fe)",2,2,"sirR ((10Fe))"
"9","106",0.65578756725866,0.200890772218028,0.0817349035649017,9.99951299796777,8.48043064013101,33.2230060506526,32.9294033333333,0.0211973258702143,"SH119","sirR","PR","(10Fe)",3,2,"sirR ((10Fe))"
"10","107",0.665505030551768,0.221895291880744,0.0762400954279719,9.08628973582351,9.09163579438064,33.7924008007271,33.4956641666667,0.019998913720306,"SH119","sirR","PR","(10Fe)",1,3,"sirR ((10Fe))"
"11","108",0.650615295899629,0.228482145810768,0.0740506916837484,8.28976341832023,9.3604416758212,33.2265570173835,32.9331758333333,0.0202567814458647,"SH119","sirR","PR","(10Fe)",2,3,"sirR ((10Fe))"
"12","109",0.654242481566627,0.232819239283979,0.0724179218305843,8.19376315079558,9.57148676789574,33.3378975343889,33.038185,0.0190737626309493,"SH119","sirR","PR","(10Fe)",3,3,"sirR ((10Fe))"
"13","11",0.352887327887751,0.274851579900053,0.0399652796060898,-31.5039510718556,17.3437340459474,20.9156194580069,20.7472016666667,0.00486435018848331,"H26","pyrE","PR","(--Fe)",1,3,"pyrE ((--Fe))"
"14","110",0.619291740336339,0.258500574411597,0.0516740048446999,6.45201369938369,13.4138467231854,30.3513152064174,30.0717266666667,0.019712964032658,"SH117","troR","PR","(10Fe)",1,1,"troR ((10Fe))"
"15","111",0.787213859942564,0.237221263689215,0.0491826889366218,17.0977131851821,14.0933160741405,33.4194154978855,33.092215,0.0247073971373636,"SH117","troR","PR","(10Fe)",2,1,"troR ((10Fe))"
"16","112",0.839482725706752,0.226490378852644,0.0518203429656842,19.2134966229002,13.375966674303,34.7872182150984,34.4482041666667,0.0279491397944946,"SH117","troR","PR","(10Fe)",3,1,"troR ((10Fe))"
"17","113",0.829108027028698,0.215065087188452,0.0528297227690913,19.8585964847414,13.1204016267426,34.097200235393,33.7741775,0.0310049336284131,"SH117","troR","PR","(10Fe)",1,2,"troR ((10Fe))"
"18","114",0.815375513438919,0.217272956941872,0.0515146720456141,19.6566874836625,13.4553352090875,33.5283647573195,33.2109266666667,0.0306090040056056,"SH117","troR","PR","(10Fe)",2,2,"troR ((10Fe))"
"19","115",0.856025471991443,0.223848077415429,0.0487739452430508,21.2860050848105,14.211423273345,34.0669641058859,33.7354333333333,0.0291042516689319,"SH117","troR","PR","(10Fe)",3,2,"troR ((10Fe))"
"20","116",0.859421012258687,0.214506789053905,0.0532624573447839,20.6670136354949,13.0138040021886,34.9215448957099,34.5791783333333,0.0273057066249847,"SH117","troR","PR","(10Fe)",1,3,"troR ((10Fe))"
"21","117",0.887964703603797,0.219521405696447,0.0480827883063206,23.1580127580979,14.4157026864607,34.227841522488,33.8859216666667,0.0278435279725687,"SH117","troR","PR","(10Fe)",2,3,"troR ((10Fe))"
"22","118",0.877016735594975,0.22285832510659,0.0489316526431526,22.0064769059125,14.1656196575846,34.5145301944247,34.17169,0.0282424312025053,"SH117","troR","PR","(10Fe)",3,3,"troR ((10Fe))"
"23","119",0.858287402785431,0.205531254015145,0.0817612395504978,14.1339040802786,8.47769902181877,40.946952474235,40.5954333333333,0.0294930413900057,"AKS338","arsR","PR","(10Fe)",1,1,"arsR ((10Fe))"
"24","12",0.342318707153096,0.273154351081691,0.0470198406859879,-29.2121657518063,14.741589304587,20.6937558913507,20.528695,0.0048838343382528,"H26","pyrE","PR","(--Fe)",2,3,"pyrE ((--Fe))"
"25","120",0.646079823382367,0.197871698467401,0.0837027072010576,9.76836811257636,8.28106047866498,32.9370159583,32.6488891666667,0.0189606672664845,"AKS338","arsR","PR","(10Fe)",2,1,"arsR ((10Fe))"
"26","121",0.676534711721286,0.224921859189863,0.0823947934029412,8.4601491632673,8.41251190679243,35.0101415587322,34.7099641666667,0.0261396412257009,"AKS338","arsR","PR","(10Fe)",3,1,"arsR ((10Fe))"
"27","122",0.736340151972788,0.223104274150986,0.0730646329263345,11.4021825292224,9.48676743861551,36.0272943539285,35.7036925,0.0252099653013965,"H26","pyrE","PR","(100Fe)",1,1,"pyrE ((100Fe))"
"28","123",0.771975850499196,0.1924830253766,0.0756420383439713,14.5705395531738,9.16351800843808,36.2259040932957,35.899925,0.0265889841283656,"H26","pyrE","PR","(100Fe)",2,1,"pyrE ((100Fe))"
"29","124",0.792157718987065,0.191472402763931,0.076102891493134,15.0234437527929,9.10802686941903,36.9387734590068,36.6034233333333,0.0260065760677594,"H26","pyrE","PR","(100Fe)",3,1,"pyrE ((100Fe))"
"30","125",0.811335103627522,0.17566773701134,0.0844915023042124,15.2214249964386,8.20375021933286,38.1861214918137,37.8486616666667,0.0260819629715003,"H26","pyrE","PR","(100Fe)",1,2,"pyrE ((100Fe))"
"31","126",0.801354856201128,0.176499241101189,0.0842388273412729,15.00737926268,8.22835742657991,37.8351913905535,37.4976608333333,0.0246177691031941,"H26","pyrE","PR","(100Fe)",2,2,"pyrE ((100Fe))"
"32","127",0.822781383450115,0.166897850763846,0.0875244759424185,15.6367834667072,7.91946679024917,38.6080962454266,38.2701466666667,0.0241868901513301,"H26","pyrE","PR","(100Fe)",3,2,"pyrE ((100Fe))"
"33","128",0.827640247569648,0.191228207212419,0.0761267205825344,15.7944370855105,9.10517588641501,38.1218692549921,37.7761716666667,0.0241105502197929,"H26","pyrE","PR","(100Fe)",1,3,"pyrE ((100Fe))"
"34","129",0.802923753822022,0.209662082662248,0.0753203777716684,13.809522663779,9.20265140811164,38.0992471400928,37.7571916666667,0.0265641982916365,"H26","pyrE","PR","(100Fe)",2,3,"pyrE ((100Fe))"
"35","13",0.347596251684222,0.270474397044362,0.0447923437689578,-28.0135094298649,15.4746798724186,20.7664412030813,20.5996908333333,0.00511545171145232,"H26","pyrE","PR","(--Fe)",3,3,"pyrE ((--Fe))"
"36","130",0.748673829942907,0.225625157472205,0.0690757380709509,12.1721391647525,10.0345968051472,35.9422017375251,35.6006841666667,0.0178675774094078,"H26","pyrE","PR","(100Fe)",3,3,"pyrE ((100Fe))"
"37","131",0.687839967785394,0.221781216369487,0.0807679596874306,9.19449149099995,8.58195729151018,35.1637615079712,34.8579533333333,0.0251199742933919,"SH118","idr","PR","(100Fe)",1,1,"idr ((100Fe))"
"38","132",0.760221598370504,0.194247950152385,0.0791228193048695,13.5158490563163,8.76039537834424,36.4664891036294,36.1401833333333,0.0257440385430133,"SH118","idr","PR","(100Fe)",2,1,"idr ((100Fe))"
"39","133",0.78194765885957,0.185038983007367,0.0800150519790173,14.6372161126329,8.66270987040928,36.9144642165544,36.5844166666667,0.0259588038315885,"SH118","idr","PR","(100Fe)",3,1,"idr ((100Fe))"
"40","134",0.755722589506607,0.193767608307026,0.0768213827854144,13.8602321093808,9.02284175873424,35.9247519879836,35.5974275,0.0246201206918305,"SH118","idr","PR","(100Fe)",1,2,"idr ((100Fe))"
"41","135",0.757866506767287,0.203131932898779,0.0726408295737448,13.8301569003046,9.54211542774664,35.7751676151345,35.4426775,0.0233834773638349,"SH118","idr","PR","(100Fe)",2,2,"idr ((100Fe))"
"42","136",0.781798254607162,0.200016820686232,0.0734800267442966,14.5303889365617,9.43313729283238,36.5707056079078,36.2301683333333,0.0219130879417727,"SH118","idr","PR","(100Fe)",3,2,"idr ((100Fe))"
"43","137",0.791518633721311,0.222716190781357,0.0725614424781185,12.9219440453795,9.55255514344233,37.8628789556669,37.5076783333333,0.0166503678709035,"SH118","idr","PR","(100Fe)",1,3,"idr ((100Fe))"
"44","138",0.801840334260864,0.252849900191272,0.0637317765856981,12.1648104888931,10.8760059376015,38.0256997012479,37.6662016666667,0.0169260446489796,"SH118","idr","PR","(100Fe)",2,3,"idr ((100Fe))"
"45","139",0.792266414967458,0.255085346440018,0.0642896762011379,11.5840845052818,10.7816250060329,37.922441854006,37.5689608333333,0.0193243774950758,"SH118","idr","PR","(100Fe)",3,3,"idr ((100Fe))"
"46","14",0.334372871817638,0.264085461446974,0.0643939205343233,-20.5559788710477,10.7641711330573,20.5298450238606,20.3691683333333,0.00567537722728432,"SH118","idr","PR","(--Fe)",1,1,"idr ((--Fe))"
"47","140",0.645007508152426,0.253881573446593,0.0703365324723301,6.1441993877863,9.85472493732363,33.5200579261965,33.22171,0.0167779990795633,"SH119","sirR","PR","(100Fe)",1,1,"sirR ((100Fe))"
"48","141",0.673344605647545,0.252103418745206,0.0694013133825729,7.39706699998515,9.98752252337056,34.4122889676991,34.1027333333333,0.0195079154505904,"SH119","sirR","PR","(100Fe)",2,1,"sirR ((100Fe))"
"49","142",0.767039654355155,0.236287079243117,0.0703163647594644,11.5086786972017,9.85755140970438,37.2637748567332,36.9307091666667,0.0290632118782669,"SH119","sirR","PR","(100Fe)",3,1,"sirR ((100Fe))"
"50","143",0.797454925073216,0.215899505744745,0.0691285757480059,14.3340610239157,10.0269269699215,37.1040872690817,36.7679391666667,0.0299160024416397,"SH119","sirR","PR","(100Fe)",1,2,"sirR ((100Fe))"
"51","144",0.779018922620439,0.200661724694049,0.0733429015993716,14.4331777941231,9.45077390510392,36.4861203643687,36.1621833333333,0.0306194026477621,"SH119","sirR","PR","(100Fe)",2,2,"sirR ((100Fe))"
"52","145",0.816153139479828,0.211549797751811,0.0681213811361701,15.4153097141009,10.175178027797,37.2760936916891,36.9349308333333,0.0289346000851081,"SH119","sirR","PR","(100Fe)",3,2,"sirR ((100Fe))"
"53","146",0.834149772803283,0.195259402510973,0.0707849632020537,16.7465500824049,9.79229414277402,37.4889320081175,37.1359225,0.0241806498851202,"SH119","sirR","PR","(100Fe)",1,3,"sirR ((100Fe))"
"54","147",0.815513081703474,0.201923082021742,0.0695263087836063,15.9858926609208,9.96956681128142,37.0168281461025,36.66768,0.0244807239373989,"SH119","sirR","PR","(100Fe)",2,3,"sirR ((100Fe))"
"55","148",0.84127394329535,0.215601536122378,0.0653299414846174,16.3079123416821,10.6099464473446,37.6746720962268,37.3176816666667,0.0232395151857414,"SH119","sirR","PR","(100Fe)",3,3,"sirR ((100Fe))"
"56","149",0.903140807843004,0.261481026916065,0.0414946113134295,21.634050121208,16.7045107453654,35.0570392953804,34.7052225,0.0263989190017107,"SH117","troR","PR","(100Fe)",1,1,"troR ((100Fe))"
"57","15",0.342573424179404,0.276099933052409,0.04877672145851,-29.1934266052056,14.2106144044458,20.8228186245675,20.6601841666667,0.00590963854407723,"SH118","idr","PR","(--Fe)",2,1,"idr ((--Fe))"
"58","150",0.789872226949247,0.274002028880168,0.0397458218964177,15.9191491956805,17.4394979770797,32.9430091373685,32.620735,0.0226111554427783,"SH117","troR","PR","(100Fe)",2,1,"troR ((100Fe))"
"59","151",0.779834497110131,0.266038111154359,0.0439157437432567,14.9875060983229,15.7835692049819,33.4645816539077,33.1417425,0.0265066468334386,"SH117","troR","PR","(100Fe)",3,1,"troR ((100Fe))"
"60","152",0.822531724052987,0.25972167357921,0.0424163449023558,18.2319248262339,16.3415113243633,33.6093324114043,33.2834666666667,0.0291135680547231,"SH117","troR","PR","(100Fe)",1,2,"troR ((100Fe))"
"61","153",0.815443604161283,0.254373425232322,0.0431218498189282,18.3443574824763,16.074152279425,33.348376299275,33.0272133333333,0.031049709197629,"SH117","troR","PR","(100Fe)",2,2,"troR ((100Fe))"
"62","154",0.837595491293665,0.257762533858284,0.0412150785994777,19.6700172729208,16.8178056214778,33.4113882845798,33.08696,0.0312835777243114,"SH117","troR","PR","(100Fe)",3,2,"troR ((100Fe))"
"63","155",0.903554669717896,0.253080694976711,0.0412431254554549,22.8884908283057,16.8063688894913,34.4035185229074,34.05722,0.0290290430446306,"SH117","troR","PR","(100Fe)",1,3,"troR ((100Fe))"
"64","156",0.88121843996858,0.247562954880532,0.0424403231084445,22.1449891559187,16.332278592432,34.0382632384639,33.6974641666667,0.028440198465508,"SH117","troR","PR","(100Fe)",2,3,"troR ((100Fe))"
"65","157",0.911511060859531,0.261574790305713,0.0392810557968954,23.1703055508638,17.6458388528021,34.3819807794777,34.03572,0.0272184075574629,"SH117","troR","PR","(100Fe)",3,3,"troR ((100Fe))"
"66","158",0.864926973118785,0.23263335175739,0.0692190795783512,14.445298414219,10.0138167797414,40.1833794837537,39.8014508333333,0.0203564643703105,"AKS338","arsR","PR","(100Fe)",1,1,"arsR ((100Fe))"
"67","16",0.34216956745726,0.265979638048549,0.0615726857748503,-20.3043029138848,11.2573809610083,20.8702612411371,20.7066675,0.00606809690558871,"SH118","idr","PR","(--Fe)",3,1,"idr ((--Fe))"
"68","160",0.648496087570372,0.244656835016668,0.0754627444495221,6.64116256883925,9.1852898488684,33.8796730474587,33.5852116666667,0.0213539616434858,"AKS338","arsR","PR","(100Fe)",3,1,"arsR ((100Fe))"
"69","161",0.622953256743284,0.262026880672835,0.0777422008284736,4.11908710110395,8.91597064622945,33.6226581624269,33.3394925,0.028138660260046,"H26","pyrE","PR","(250Fe)",1,1,"pyrE ((250Fe))"
"70","162",0.690176220168012,0.262780961029552,0.0686658875971487,7.08340677072169,10.0944909447108,35.3423837145257,35.0354841666667,0.0252637218409055,"H26","pyrE","PR","(250Fe)",2,1,"pyrE ((250Fe))"
"71","163",0.725211777199377,0.270810700555493,0.062707300464739,8.25358735073882,11.0536919214009,36.0715199687571,35.7449858333333,0.0209083337834431,"H26","pyrE","PR","(250Fe)",3,1,"pyrE ((250Fe))"
"72","164",0.798078767480674,0.271370357215027,0.0608995882240271,10.8894426690103,11.3818040609751,38.2154791005234,37.8542325,0.0179907580642096,"H26","pyrE","PR","(250Fe)",1,2,"pyrE ((250Fe))"
"73","165",0.7975898234664,0.269734966146635,0.0607722912637557,11.0474933637185,11.4056450093619,38.0999797656671,37.7414833333333,0.019651567183486,"H26","pyrE","PR","(250Fe)",2,2,"pyrE ((250Fe))"
"74","166",0.79635539268791,0.267282717435235,0.0623532719433099,10.950810093468,11.1164524163245,38.2515444475221,37.8879791666667,0.0173844629810315,"H26","pyrE","PR","(250Fe)",3,2,"pyrE ((250Fe))"
"75","167",0.816370883666286,0.265451474413413,0.0591736909829438,12.3392080200053,11.7137729461517,38.163365817616,37.7944775,0.0178796357747356,"H26","pyrE","PR","(250Fe)",1,3,"pyrE ((250Fe))"
"76","168",0.802621247643363,0.276831402287013,0.058888763897215,10.8932993669559,11.7704488036083,38.2141021017352,37.8542383333333,0.0197196102034243,"H26","pyrE","PR","(250Fe)",2,3,"pyrE ((250Fe))"
"77","169",0.810358571753733,0.272959913907626,0.0567839563468239,11.9296944659025,12.206743333035,37.8286717856053,37.4617283333333,0.0168896904907599,"H26","pyrE","PR","(250Fe)",3,3,"pyrE ((250Fe))"
"78","17",0.412127426245211,0.271191397071053,0.0305862924582493,-21.3990872255739,22.6620202989983,22.0756290216363,21.890915,0.00659512159865548,"SH118","idr","PR","(--Fe)",1,2,"idr ((--Fe))"
"79","170",0.67056704888342,0.266814300704161,0.0704540392588576,5.87971636633133,9.83828873193813,34.9621715139516,34.6539733333333,0.0214765842285234,"SH118","idr","PR","(250Fe)",1,1,"idr ((250Fe))"
"80","171",0.678643274447705,0.254917744433901,0.0714478563417346,7.1121096487892,9.70144124751102,34.9620219361564,34.6594783333333,0.0262096237845357,"SH118","idr","PR","(250Fe)",2,1,"idr ((250Fe))"
"81","172",0.676277192190236,0.249244045703461,0.073685454093641,7.30712897908509,9.4068386913797,34.9267610596406,34.6212283333333,0.0254084666462492,"SH118","idr","PR","(250Fe)",3,1,"idr ((250Fe))"
"82","173",0.717726440482225,0.269148940039902,0.0634274070455966,8.05356206005662,10.9281967030697,35.8549574319464,35.529485,0.021400837022637,"SH118","idr","PR","(250Fe)",1,2,"idr ((250Fe))"
"83","174",0.715271241201742,0.281097729168683,0.0593012042080429,7.33107966044478,11.6885852457265,35.6158378870122,35.2922433333333,0.0240440225985,"SH118","idr","PR","(250Fe)",2,2,"idr ((250Fe))"
"84","175",0.736166111918862,0.287425125075118,0.0552540919435792,8.0624519760579,12.5447212356277,35.8815472409266,35.5519875,0.0244514152201662,"SH118","idr","PR","(250Fe)",3,2,"idr ((250Fe))"
"85","176",0.777644495515695,0.282611294537148,0.0545533395742355,10.2753085587682,12.70586156539,36.82080125312,36.4692466666667,0.016324275450118,"SH118","idr","PR","(250Fe)",1,3,"idr ((250Fe))"
"86","177",0.731478589324497,0.278392593069644,0.0642421718748526,7.58146257678163,10.7895975545508,36.8277765935364,36.48799,0.0172655614489882,"SH118","idr","PR","(250Fe)",2,3,"idr ((250Fe))"
"87","178",0.805946014228075,0.277355910173039,0.0559814744080499,11.5200918170609,12.3817242737764,37.733042691733,37.3669866666667,0.0155818695369987,"SH118","idr","PR","(250Fe)",3,3,"idr ((250Fe))"
"88","179",0.754275713807261,0.281371773340398,0.0645199465790633,8.04736330410516,10.7431456055308,37.7928357443608,37.4687441666667,0.0317875196567517,"SH119","sirR","PR","(250Fe)",1,1,"sirR ((250Fe))"
"89","18",3.45640169280523,0.290438691000654,0.00596671081770112,400.357939190856,116.169058923322,22.6151183811525,22.4204441666667,0.00686680494573585,"SH118","idr","PR","(--Fe)",2,2,"idr ((--Fe))"
"90","180",0.606919536086071,0.282766911269999,0.0910204545187311,1.50066868666612,7.61529025783213,34.3775392520355,34.0947433333333,0.0210166931828542,"SH119","sirR","PR","(250Fe)",2,1,"sirR ((250Fe))"
"91","181",0.629154503746259,0.262530817441239,0.08609728941679,3.87895451093469,8.05074335388744,34.5460185033262,34.260255,0.0302632691765442,"SH119","sirR","PR","(250Fe)",3,1,"sirR ((250Fe))"
"92","182",0.713231973387466,0.262566827185505,0.0650030159732554,8.31067538394069,10.6633080047414,35.6674373228061,35.3594866666667,0.0314943391824412,"SH119","sirR","PR","(250Fe)",1,2,"sirR ((250Fe))"
"93","183",0.755615483622871,0.259602247353028,0.0616098440172387,10.5089045581615,11.2505913887073,36.4317476560011,36.1009866666667,0.0261890169818594,"SH119","sirR","PR","(250Fe)",2,2,"sirR ((250Fe))"
"94","184",0.768260867041678,0.259068941626692,0.0596299913892141,11.3320626626828,11.6241368548197,36.4464537929011,36.1119916666667,0.0264326197611698,"SH119","sirR","PR","(250Fe)",3,2,"sirR ((250Fe))"
"95","185",0.778628548833816,0.26371999656046,0.0562504627010762,11.8950380701463,12.3225151807806,36.3057045801239,35.9639975,0.0244844316076456,"SH119","sirR","PR","(250Fe)",1,3,"sirR ((250Fe))"
"96","186",0.769445991379038,0.269019019796027,0.0575481247765029,10.7854008611564,12.0446527710832,36.5408722460455,36.20375,0.0259611755761546,"SH119","sirR","PR","(250Fe)",2,3,"sirR ((250Fe))"
"97","187",0.79310781238175,0.266372775616935,0.0578842371028272,11.7786972737388,11.9747139334085,37.2179534792488,36.8644966666667,0.0210868819776237,"SH119","sirR","PR","(250Fe)",3,3,"sirR ((250Fe))"
"98","188",0.944575174099755,0.305302247234859,0.0295166058138415,25.0377439394057,23.4832956381082,33.8319618081401,33.50055,0.0318014135580141,"SH117","troR","PR","(250Fe)",1,1,"troR ((250Fe))"
"99","189",0.800434373497607,0.30902563425921,0.0355338924309183,13.0537911931295,19.5066493744669,33.8919196997819,33.5752875,0.0275803856040978,"SH117","troR","PR","(250Fe)",2,1,"troR ((250Fe))"
"100","19",0.650285136565061,0.288599728148296,0.0113359201847802,19.913168796111,61.1460886510629,22.6227540008608,22.4311975,0.00788570153838268,"SH118","idr","PR","(--Fe)",3,2,"idr ((--Fe))"
"101","190",0.684260787255079,0.315876523374475,0.0353821782417346,4.34612022028649,19.5902913558429,31.6668616525915,31.3847783333333,0.0253640032631845,"SH117","troR","PR","(250Fe)",3,1,"troR ((250Fe))"
"102","191",0.6354767816395,0.301628234500724,0.0437350484798737,2.320614576021,15.848780432447,31.3864472346648,31.1065158333333,0.0213182646499415,"SH117","troR","PR","(250Fe)",1,2,"troR ((250Fe))"
"103","192",0.68764346739447,0.284048640708297,0.0404239066974671,8.68956035118347,17.1469617161811,31.3196015379324,31.02601,0.0221739477254794,"SH117","troR","PR","(250Fe)",2,2,"troR ((250Fe))"
"104","193",0.741666500277,0.299946605122539,0.0354429331634598,10.9209777347097,19.5567104269618,32.1359985168739,31.8320275,0.0220010965742881,"SH117","troR","PR","(250Fe)",3,2,"troR ((250Fe))"
"105","194",0.754261111804575,0.317915079665276,0.0320198789093987,9.88920911056966,21.6474016819748,32.3991449028657,32.1000208333333,0.0238398480130156,"SH117","troR","PR","(250Fe)",1,3,"troR ((250Fe))"
"106","195",0.755907978133544,0.302817194104318,0.0358592146349591,11.2373684728177,19.3296810210728,32.713043108934,32.4055225,0.0240420985558265,"SH117","troR","PR","(250Fe)",2,3,"troR ((250Fe))"
"107","196",0.782487904758439,0.2813627791429,0.0313165593978298,18.4314933401977,22.1335674763806,30.5304171252624,30.2340158333333,0.0263292605091298,"SH117","troR","PR","(250Fe)",3,3,"troR ((250Fe))"
"108","197",0.671048226418311,0.275679038487436,0.0765096551501012,4.71290447824631,9.0596040355964,35.9022632220713,35.5937758333333,0.0239633470888102,"AKS338","arsR","PR","(250Fe)",1,1,"arsR ((250Fe))"
"109","198",0.62312132188616,0.255989757065335,0.085034764698553,4.24041672986678,8.15133884379103,34.0256853180221,33.7362341666667,0.0227574554742508,"AKS338","arsR","PR","(250Fe)",2,1,"arsR ((250Fe))"
"110","199",0.607459160810387,0.262570197355927,0.0869080086689781,3.13784724290242,7.97564218966353,33.6543877621099,33.3737291666667,0.0224632941090443,"AKS338","arsR","PR","(250Fe)",3,1,"arsR ((250Fe))"
"112","20",0.338338090604324,0.262391419474216,0.0776514348971263,-15.9662981073958,8.92639242891308,20.8924519652759,20.7306633333333,0.00598568217304201,"SH118","idr","PR","(--Fe)",1,3,"idr ((--Fe))"
"113","21",0.348522412927755,0.27725245820267,0.0497306675795202,-27.3162157765167,13.9380228397616,21.1213905906815,20.953205,0.0050223318051998,"SH118","idr","PR","(--Fe)",2,3,"idr ((--Fe))"
"114","22",0.358631651559561,0.277271612122408,0.0299934765151478,-40.8793338063984,23.1099312615489,20.7237854960884,20.5566908333333,0.00632639181534846,"SH118","idr","PR","(--Fe)",3,3,"idr ((--Fe))"
"115","23",0.357237002482927,0.264968845813135,0.0468462733906762,-22.5186145221319,14.7962074758737,21.0672877832768,20.8986683333333,0.00606292064093575,"SH119","sirR","PR","(--Fe)",1,1,"sirR ((--Fe))"
"116","24",0.34805500646998,0.264955794617891,0.0611531032381678,-18.9610619972542,11.3346198942743,21.1043642686571,20.93942,0.00542290830485991,"SH119","sirR","PR","(--Fe)",2,1,"sirR ((--Fe))"
"117","25",0.349671853144857,0.266988114796649,0.0508726303777644,-23.0414898223688,13.625149228826,20.9518146039339,20.7854225,0.00575027402845988,"SH119","sirR","PR","(--Fe)",3,1,"sirR ((--Fe))"
"118","26",0.407027056338724,0.255911239271398,0.0451711477412528,-11.6619600306122,15.344909642996,22.5533670039808,22.3606633333333,0.00559949527260591,"SH119","sirR","PR","(--Fe)",1,2,"sirR ((--Fe))"
"119","27",0.441855372082086,0.253182522069018,0.0327189474075337,-8.9885561763959,21.1848862961999,22.3497951323843,22.1529041666667,0.00750189502806024,"SH119","sirR","PR","(--Fe)",2,2,"sirR ((--Fe))"
"120","28",0.515092136215081,0.278820473731726,0.0206491183959096,-8.01902788228022,33.5678825250599,23.1592765846625,22.9571825,0.00655638100112479,"SH119","sirR","PR","(--Fe)",3,2,"sirR ((--Fe))"
"121","29",0.370229458573956,0.272997952632532,0.0434116906221545,-23.7809098586379,15.9668322202178,21.6455278838862,21.472175,0.00611079184384559,"SH119","sirR","PR","(--Fe)",1,3,"sirR ((--Fe))"
"123","30",0.36142725296374,0.267164953460411,0.063917875501298,-16.2988044606832,10.8443401024158,21.8152138440345,21.6401733333333,0.00569497867638775,"SH119","sirR","PR","(--Fe)",2,3,"sirR ((--Fe))"
"124","31",0.346325556894822,0.272955263270212,0.0490437507537498,-26.7880974858408,14.1332416445932,20.9078931362119,20.7409458333333,0.00497611564457446,"SH119","sirR","PR","(--Fe)",3,3,"sirR ((--Fe))"
"125","32",249242.761400293,0.287153434852209,0.00519427085738499,2632.50039496938,133.444558358842,22.2025563050744,22.010205,0.0058829054089797,"SH117","troR","PR","(--Fe)",1,1,"troR ((--Fe))"
"126","33",0.580501569825856,0.283190284420559,0.0141176301761568,3.44679903953178,49.0979840037599,22.6191202272071,22.4234608333333,0.00686607739727175,"SH117","troR","PR","(--Fe)",2,1,"troR ((--Fe))"
"127","34",0.599588197641414,0.285250746153112,0.0143059332644603,6.78728809890033,48.4517275277597,22.9702734374303,22.7709608333333,0.00726902923198309,"SH117","troR","PR","(--Fe)",3,1,"troR ((--Fe))"
"128","35",0.471290462553205,0.279792004382088,0.0190348895094882,-19.9195655000635,36.4145628591349,22.2090526027089,22.02394,0.00725334828893557,"SH117","troR","PR","(--Fe)",1,2,"troR ((--Fe))"
"129","36",0.604818025194319,0.279508625409162,0.0112121229158091,13.5338845002888,61.8212256291456,21.7162486021985,21.5344308333333,0.00692091659402892,"SH117","troR","PR","(--Fe)",2,2,"troR ((--Fe))"
"130","37",0.456350423282361,0.280346750349439,0.0187071652833795,-24.8847091629132,37.0524967337396,21.9403386373375,21.75769,0.00726166202182124,"SH117","troR","PR","(--Fe)",3,2,"troR ((--Fe))"
"131","38",0.69852235944839,0.283572440565582,0.010892621149841,34.9493677890921,63.6345624276175,22.4022727930178,22.2082083333333,0.0074741361626347,"SH117","troR","PR","(--Fe)",1,3,"troR ((--Fe))"
"132","39",0.676502346330509,0.290424803994642,0.0093292481488713,30.5162365840659,74.2982895833686,22.188226910809,21.9997175,0.00673624446474381,"SH117","troR","PR","(--Fe)",2,3,"troR ((--Fe))"
"134","40",0.367116582048142,0.291501163000207,0.0442941922868295,-30.4641242514099,15.6487147586174,22.0709590354516,21.8919858333333,0.00563620381915387,"SH117","troR","PR","(--Fe)",3,3,"troR ((--Fe))"
"135","41",0.357080425742684,0.279893291609841,0.0473634870578528,-27.1976520802422,14.6346315192818,21.4691310221744,21.2959616666667,0.00515406482576132,"AKS338","arsR","PR","(--Fe)",1,1,"arsR ((--Fe))"
"136","42",0.343153418959715,0.271767692833934,0.0482857410090727,-27.6862209798141,14.3551111792963,20.7279268480101,20.5636916666667,0.00534181087878398,"AKS338","arsR","PR","(--Fe)",2,1,"arsR ((--Fe))"
"137","43",0.362138652384057,0.274533855177946,0.037108364801068,-30.7811684610667,18.6790009281141,21.1114534694651,20.9424358333333,0.00581599490582351,"AKS338","arsR","PR","(--Fe)",3,1,"arsR ((--Fe))"
"138","44",0.776608155560634,0.226724944294262,0.0546599218587414,16.2087375678996,12.6810861960479,33.9408579899394,33.5974183333333,0.0122467226745938,"H26","pyrE","PR","(-Fe)",1,1,"pyrE ((-Fe))"
"139","45",0.787454146920858,0.226483280091498,0.0533170686929513,17.0113975131367,13.0004742862314,33.8812569058239,33.5364266666667,0.0135889729227952,"H26","pyrE","PR","(-Fe)",2,1,"pyrE ((-Fe))"
"140","46",0.767778661013667,0.226893471981837,0.054582405353941,15.9158690401923,12.699095543064,33.6919602355782,33.3514183333333,0.0127422069250541,"H26","pyrE","PR","(-Fe)",3,1,"pyrE ((-Fe))"
"141","47",0.809689852805391,0.231193012177542,0.0572727851038088,16.0142408203661,12.1025575987547,35.7400973542647,35.3701683333333,0.00966332450566914,"H26","pyrE","PR","(-Fe)",1,2,"pyrE ((-Fe))"
"142","48",0.825822840475991,0.238125723200523,0.0546711903291832,16.5244788001274,12.6784724529758,35.9248347112685,35.556185,0.0121517233016942,"H26","pyrE","PR","(-Fe)",2,2,"pyrE ((-Fe))"
"143","49",0.827355109099967,0.241800400148946,0.0545007473969727,16.2281632375934,12.7181224784166,36.1323284460484,35.7599341666667,0.0111708456049598,"H26","pyrE","PR","(-Fe)",3,2,"pyrE ((-Fe))"
"144","5",0.347047240191689,0.260173092996717,0.068779379035214,-15.9479000801226,10.0778342329183,21.123542620948,20.9604125,0.00595018489074849,"H26","pyrE","PR","(--Fe)",1,1,"pyrE ((--Fe))"
"145","50",0.812658009916744,0.236003488489192,0.0515104429328527,17.3439927901224,13.4564399196394,34.6154861567271,34.2601833333333,0.0152633694185301,"H26","pyrE","PR","(-Fe)",1,3,"pyrE ((-Fe))"
"146","51",0.681359086260332,0.221206730312726,0.0617292002144687,11.8656963824049,11.228837862012,32.2785613222746,31.977935,0.024263022269227,"H26","pyrE","PR","(-Fe)",2,3,"pyrE ((-Fe))"
"147","52",0.742747685575165,0.21300579383069,0.0608009835506938,14.9844701777574,11.4002626286797,33.5905578055705,33.266925,0.0236037705212381,"H26","pyrE","PR","(-Fe)",3,3,"pyrE ((-Fe))"
"148","53",0.684604080961225,0.24281385021746,0.0494959921966274,12.0926978224993,14.0041071973334,31.1355061487127,30.831185,0.0140397280454978,"SH118","idr","PR","(-Fe)",1,1,"idr ((-Fe))"
"149","54",0.698246411159263,0.23862522545773,0.0480678180922224,13.637157666387,14.4201923047574,30.9702171151525,30.668185,0.0176238129091409,"SH118","idr","PR","(-Fe)",2,1,"idr ((-Fe))"
"150","55",0.716707964280112,0.244483643819312,0.0459123190132682,14.3383242627791,15.0971938568303,31.2517155736433,30.9426866666667,0.0148304794308575,"SH118","idr","PR","(-Fe)",3,1,"idr ((-Fe))"
"151","56",0.693453942891867,0.235245513934993,0.0506727614743952,13.1568605562982,13.6788909937381,31.2355203946008,30.9239283333333,0.0103289165342535,"SH118","idr","PR","(-Fe)",1,2,"idr ((-Fe))"
"152","57",0.748323190614929,0.239492852829177,0.0474420395990643,15.8844575067158,14.6104001096449,32.1345152803449,31.8091833333333,0.0125906554229521,"SH118","idr","PR","(-Fe)",2,2,"idr ((-Fe))"
"153","58",0.727095457356055,0.242927334014095,0.0485917936929114,14.1931341615954,14.2646963176637,32.0733529592499,31.7519316666667,0.0105627843669657,"SH118","idr","PR","(-Fe)",3,2,"idr ((-Fe))"
"154","59",0.732566525959669,0.259719801663482,0.054643736053613,10.9649882154814,12.68484241048,34.3973733699193,34.0572033333333,0.00912315844646512,"SH118","idr","PR","(-Fe)",1,3,"idr ((-Fe))"
"155","6",0.343741857657087,0.254979595334009,0.0758670079478517,-13.9088381942277,9.13634528774866,21.0011911787636,20.8394,0.0061114127200297,"H26","pyrE","PR","(--Fe)",2,1,"pyrE ((--Fe))"
"156","60",0.530575118419384,0.263187913423744,0.0696620270351649,0.227233368917945,9.9501437161748,29.2306925578139,28.977725,0.0125501875776431,"SH118","idr","PR","(-Fe)",2,3,"idr ((-Fe))"
"157","61",0.572099798487503,0.257704035211713,0.0632370223943429,3.14437336311545,10.9610976974456,30.1507929550612,29.879965,0.0126536349501092,"SH118","idr","PR","(-Fe)",3,3,"idr ((-Fe))"
"158","62",0.645478691881479,0.240180446283303,0.0631916197468722,8.28009642290996,10.9689731539799,32.1375955058559,31.8424541666667,0.0213279901351772,"SH119","sirR","PR","(-Fe)",1,1,"sirR ((-Fe))"
"159","63",0.669043749213574,0.242388358217563,0.0607933310580754,9.30094477166478,11.4016976615048,32.6804040916064,32.3749566666667,0.0210816789868195,"SH119","sirR","PR","(-Fe)",2,1,"sirR ((-Fe))"
"160","64",0.699368080350177,0.244222275020849,0.0597593226885577,10.4174381011117,11.598979864152,33.5862026316671,33.2682108333333,0.0207854608027993,"SH119","sirR","PR","(-Fe)",3,1,"sirR ((-Fe))"
"161","65",0.761963029833622,0.246307554617312,0.050368596940148,14.6690185274171,13.7614947143276,33.5973720080367,33.2627016666667,0.0152230248718367,"SH119","sirR","PR","(-Fe)",1,2,"sirR ((-Fe))"
"162","66",0.804244625868744,0.24435362440766,0.0477469883977788,17.3649835497385,14.5170869162544,33.8590673334435,33.5189591666667,0.0195756303835263,"SH119","sirR","PR","(-Fe)",2,2,"sirR ((-Fe))"
"163","67",0.811166653981735,0.242889429586325,0.0486259354395219,17.4804463005354,14.2546806409933,34.1875407963315,33.8432025,0.0179297771568078,"SH119","sirR","PR","(-Fe)",3,2,"sirR ((-Fe))"
"164","68",0.766168888486749,0.24159787932717,0.053557018888324,14.4762746478888,12.9422285808193,34.2155985086805,33.8736925,0.0122537938831786,"SH119","sirR","PR","(-Fe)",1,3,"sirR ((-Fe))"
"165","69",0.789559386025034,0.241563716710807,0.0520829597337223,15.7274877001593,13.3085213302721,34.4891889074283,34.1441958333333,0.0148853265254445,"SH119","sirR","PR","(-Fe)",2,3,"sirR ((-Fe))"
"166","7",0.343530057317681,0.252738007710158,0.0826601704930681,-12.3854291739679,8.38550388204283,21.0608324735207,20.9001425,0.00627904954541611,"H26","pyrE","PR","(--Fe)",3,1,"pyrE ((--Fe))"
"167","70",0.724307681029217,0.243923203434214,0.0539327183690339,12.566274481112,12.8520720171584,33.2350699219465,32.9159475,0.0200093762977569,"SH119","sirR","PR","(-Fe)",3,3,"sirR ((-Fe))"
"168","71",0.377014425163221,0.293497723557566,0.0244968165516531,-51.305574718685,28.2953982652562,21.5181786983266,21.3469691666667,0.0056484627775138,"SH117","troR","PR","(-Fe)",1,1,"troR ((-Fe))"
"169","72",0.371021768103012,0.293908017459087,0.0241152658185598,-55.4829148403344,28.7430868801156,21.3514210575599,21.1814733333333,0.00538713702039364,"SH117","troR","PR","(-Fe)",2,1,"troR ((-Fe))"
"170","73",274064.954901219,0.294515364021491,0.00370360227582161,3710.85835578539,187.154864085987,21.6443322544185,21.4639683333333,0.00579937742507253,"SH117","troR","PR","(-Fe)",3,1,"troR ((-Fe))"
"171","74",0.500102784276932,0.290784541316261,0.00803862618685682,-40.8934051678696,86.2270697066674,20.8893496945942,20.7209575,0.00618945423023923,"SH117","troR","PR","(-Fe)",1,2,"troR ((-Fe))"
"172","75",0.376828245074138,0.289872138374328,0.0165472979038822,-72.7633272780606,41.8888440025804,20.7379441691722,20.5737091666667,0.00573999520074937,"SH117","troR","PR","(-Fe)",2,2,"troR ((-Fe))"
"173","76",72.9388815110981,0.296586656377667,0.00327191308845682,1681.26811933562,211.847674990311,21.4711651080405,21.2962175,0.00586976796361437,"SH117","troR","PR","(-Fe)",3,2,"troR ((-Fe))"
"174","77",0.86294206920477,0.294608570604001,0.00831627757270051,79.0090025436375,83.3482498029299,22.7196768942968,22.5249775,0.00697196194176932,"SH117","troR","PR","(-Fe)",1,3,"troR ((-Fe))"
"175","78",491370.031342382,0.29397791898317,0.00437442159979076,3275.67941171851,158.45458988066,22.102078271129,21.9139708333333,0.00643365611324181,"SH117","troR","PR","(-Fe)",2,3,"troR ((-Fe))"
"176","79",352960.850810525,0.295736345983613,0.00387066195713342,3614.98851804948,179.077167739361,21.8572525219712,21.67522,0.00689927150483113,"SH117","troR","PR","(-Fe)",3,3,"troR ((-Fe))"
"177","8",0.346344264672573,0.261711549578726,0.0727446585057637,-15.5189682589481,9.52849590331126,21.1919563089288,21.0274191666667,0.00570790760407385,"H26","pyrE","PR","(--Fe)",1,2,"pyrE ((--Fe))"
"178","80",0.515293246639407,0.255280570539216,0.0741593920184598,0.247671490239477,9.34672145623047,28.6704909245542,28.4262025,0.0161430375722045,"AKS338","arsR","PR","(-Fe)",1,1,"arsR ((-Fe))"
"179","81",0.489072367524301,0.255823310094187,0.0597101125828451,-1.54714517447581,11.6085391665982,26.6344982419748,26.403445,0.0124096616940674,"AKS338","arsR","PR","(-Fe)",2,1,"arsR ((-Fe))"
"180","82",0.586863577744514,0.236765561086187,0.0667033248383859,5.86391616893761,10.391493710986,30.3285890281174,30.0629441666667,0.0223342108718681,"AKS338","arsR","PR","(-Fe)",3,1,"arsR ((-Fe))"
"181","83",0.794490076391715,0.18977679701583,0.0805367838862921,14.3897700198176,8.60659126317464,37.6827870033731,37.3556791666667,0.0315071833239639,"H26","pyrE","PR","(10Fe)",1,1,"pyrE ((10Fe))"
"182","84",0.796615660395171,0.194436681771382,0.0784825547436401,14.4038142620704,8.8318631168937,37.6551135819912,37.3254375,0.0322245729281454,"H26","pyrE","PR","(10Fe)",2,1,"pyrE ((10Fe))"
"183","85",0.819982409116114,0.199796754174622,0.0756627785268215,14.970614059027,9.16100616519434,38.2400039651349,37.8946933333333,0.0286419443627339,"H26","pyrE","PR","(10Fe)",3,1,"pyrE ((10Fe))"
"184","86",0.844252515582846,0.194013643652189,0.0854344207293554,14.1560192676266,8.11320747121047,40.4723904872154,40.1244458333333,0.0298988526242257,"H26","pyrE","PR","(10Fe)",1,2,"pyrE ((10Fe))"
"185","87",0.848167372593634,0.196677179129993,0.084888339351909,14.1091067789297,8.16539922740705,40.6600690137982,40.3134491666667,0.0315905097475194,"H26","pyrE","PR","(10Fe)",2,2,"pyrE ((10Fe))"
"186","88",0.873440181777722,0.204422922241996,0.0811289452491714,14.6140056311364,8.54377162714345,41.3177173326402,40.9484491666667,0.0273466349523383,"H26","pyrE","PR","(10Fe)",3,2,"pyrE ((10Fe))"
"187","89",0.863703481994503,0.203052027465953,0.0769469746620253,15.3321708431348,9.00811479079535,40.1330753872531,39.7674366666667,0.0265707373677548,"H26","pyrE","PR","(10Fe)",1,3,"pyrE ((10Fe))"
"188","9",0.348923093176793,0.267578607613455,0.0745067585024608,-15.9813735361756,9.30314503666204,21.44813650127,21.2809325,0.00564577678242511,"H26","pyrE","PR","(--Fe)",2,2,"pyrE ((--Fe))"
"189","90",0.828780141355327,0.203573153986839,0.076514865450777,14.664566796939,9.05898711938343,38.8916329998393,38.550435,0.0315875047847674,"H26","pyrE","PR","(10Fe)",2,3,"pyrE ((10Fe))"
"190","91",0.639740466940177,0.213047359495655,0.0827998542216363,8.38830644550354,8.37135749906695,33.1584752292492,32.8761866666667,0.0263538135410609,"H26","pyrE","PR","(10Fe)",3,3,"pyrE ((10Fe))"
"191","92",0.68237315670198,0.200389731936843,0.0861504285772014,10.1873619138279,8.04577750810375,34.7190541275947,34.4289333333333,0.0286606182850041,"SH118","idr","PR","(10Fe)",1,1,"idr ((10Fe))"
"192","93",0.693318212668819,0.202459709712104,0.0842213121895539,10.5153313279222,8.230068643432,35.0156558337806,34.7219375,0.0289087471168651,"SH118","idr","PR","(10Fe)",2,1,"idr ((10Fe))"
"193","94",0.703036932405986,0.202976210987657,0.0844989484615465,10.6704375069671,8.20302729418438,35.4451897619343,35.148945,0.0303903117406067,"SH118","idr","PR","(10Fe)",3,1,"idr ((10Fe))"
"194","95",0.68462320952621,0.209680510582375,0.0783003868588758,10.4419556746452,8.85241067594256,34.2755839473001,33.9739416666667,0.0238081198126309,"SH118","idr","PR","(10Fe)",1,2,"idr ((10Fe))"
"195","96",0.682929995124835,0.208761170565025,0.0781390209720483,10.498884475971,8.87069190191027,34.1545926016801,33.8539375,0.0237162892701019,"SH118","idr","PR","(10Fe)",2,2,"idr ((10Fe))"
"196","97",0.698024642474297,0.211208512038647,0.0784479698062149,10.6445156458023,8.83575677321138,34.859214669979,34.5511916666667,0.0244986020418934,"SH118","idr","PR","(10Fe)",3,2,"idr ((10Fe))"
"197","98",0.709031024979914,0.22457163465016,0.0807776885373191,9.51796074465626,8.580923682159,36.0941678411576,35.7737,0.0217402451294472,"SH118","idr","PR","(10Fe)",1,3,"idr ((10Fe))"
"198","99",0.71026236634965,0.227940153147643,0.0803643484163042,9.32663910422738,8.62505817840141,36.2223637352876,35.8984491666667,0.0210282283725171,"SH118","idr","PR","(10Fe)",2,3,"idr ((10Fe))"
