"","ID","strain","name","condition","time","reps","average","sd","sem","CI95","facet"
"1","pyrE(--Fe)","H26","pyrE","(--Fe)",0,9,0,0,0,0,"(--Fe)"
"2","pyrE(--Fe)","H26","pyrE","(--Fe)",0.501666666666667,9,0.000887376550622919,0.000256855157424758,8.56183858082525e-05,0.000197436351723336,"(--Fe)"
"3","pyrE(--Fe)","H26","pyrE","(--Fe)",1.00166666666667,9,0.00175383447986988,0.000504868304261589,0.000168289434753863,0.000388076132453579,"(--Fe)"
"4","pyrE(--Fe)","H26","pyrE","(--Fe)",1.50166666666667,9,0.00260238580257405,0.000744907418198684,0.000248302472732895,0.000572586528903475,"(--Fe)"
"5","pyrE(--Fe)","H26","pyrE","(--Fe)",2.00166666666667,9,0.00343308615734869,0.000976989112401997,0.000325663037467332,0.000750980311082817,"(--Fe)"
"6","pyrE(--Fe)","H26","pyrE","(--Fe)",2.50166666666667,9,0.00424601175763158,0.00120114447298771,0.000400381490995905,0.000923281373895765,"(--Fe)"
"7","pyrE(--Fe)","H26","pyrE","(--Fe)",3.00166666666667,9,0.00504125831169534,0.00141741826114831,0.000472472753716105,0.00108952412384064,"(--Fe)"
"8","pyrE(--Fe)","H26","pyrE","(--Fe)",3.50166666666667,9,0.00581893993285273,0.00162586810529778,0.00054195603509926,0.00124975285803775,"(--Fe)"
"9","pyrE(--Fe)","H26","pyrE","(--Fe)",4.00166666666667,9,0.00657918804578541,0.00182656368832064,0.000608854562773546,0.00140402113949372,"(--Fe)"
"10","pyrE(--Fe)","H26","pyrE","(--Fe)",4.50166666666667,9,0.00732215029452436,0.00201958593466892,0.000673195311556308,0.0015523911722489,"(--Fe)"
"11","pyrE(--Fe)","H26","pyrE","(--Fe)",5.00166666666667,9,0.00804798945719868,0.00220502620169661,0.00073500873389887,0.00169493317978197,"(--Fe)"
"12","pyrE(--Fe)","H26","pyrE","(--Fe)",5.50166666666667,9,0.00875688237224597,0.00238298547925368,0.000794328493084559,0.00183172478976349,"(--Fe)"
"13","pyrE(--Fe)","H26","pyrE","(--Fe)",6.00166666666667,9,0.00944901888035387,0.00255357360119449,0.000851191200398164,0.00196285042796756,"(--Fe)"
"14","pyrE(--Fe)","H26","pyrE","(--Fe)",6.50166666666667,9,0.0101246007859775,0.00271690847208244,0.000905636157360815,0.00208840072386445,"(--Fe)"
"15","pyrE(--Fe)","H26","pyrE","(--Fe)",7.00166666666667,9,0.0107838408418598,0.00287311531200778,0.000957705104002593,0.00220847193013611,"(--Fe)"
"16","pyrE(--Fe)","H26","pyrE","(--Fe)",7.50166666666667,9,0.0114269617595721,0.00302232592207614,0.00100744197402538,0.00232316535808077,"(--Fe)"
"17","pyrE(--Fe)","H26","pyrE","(--Fe)",8.00166666666667,9,0.0120541952486968,0.00316467797277639,0.00105489265759213,0.00243258683060397,"(--Fe)"
"18","pyrE(--Fe)","H26","pyrE","(--Fe)",8.50166666666667,9,0.0126657810868891,0.00330031431710255,0.00110010477236752,0.00253684615423733,"(--Fe)"
"19","pyrE(--Fe)","H26","pyrE","(--Fe)",9.00166666666667,9,0.0132619662226942,0.00342938232998325,0.00114312744332775,0.00263605661137916,"(--Fe)"
"20","pyrE(--Fe)","H26","pyrE","(--Fe)",9.50166666666667,9,0.0138430039126474,0.00355203327527082,0.00118401109175694,0.00273033447371911,"(--Fe)"
"21","pyrE(--Fe)","H26","pyrE","(--Fe)",10.0016666666667,9,0.0144091528938608,0.0036684217012574,0.00122280723375247,0.00281979853759076,"(--Fe)"
"22","pyrE(--Fe)","H26","pyrE","(--Fe)",10.5016666666667,9,0.0149606765929965,0.00377870486542158,0.00125956828847386,0.00290456968179276,"(--Fe)"
"23","pyrE(--Fe)","H26","pyrE","(--Fe)",11.0016666666667,9,0.0154978423722431,0.00388304218886328,0.00129434739628776,0.00298477044823032,"(--Fe)"
"24","pyrE(--Fe)","H26","pyrE","(--Fe)",11.5016666666667,9,0.0160209208126531,0.00398159474066183,0.00132719824688728,0.00306052464555778,"(--Fe)"
"25","pyrE(--Fe)","H26","pyrE","(--Fe)",12.0016666666667,9,0.0165301850349622,0.00407452475218683,0.00135817491739561,0.00313195697584485,"(--Fe)"
"26","pyrE(--Fe)","H26","pyrE","(--Fe)",12.5016666666667,9,0.0170259100577939,0.00416199516120877,0.00138733172040292,0.00319919268414905,"(--Fe)"
"27","pyrE(--Fe)","H26","pyrE","(--Fe)",13.0016666666667,9,0.0175083721929604,0.00424416918549099,0.00141472306183033,0.00326235723074944,"(--Fe)"
"28","pyrE(--Fe)","H26","pyrE","(--Fe)",13.5016666666667,9,0.017977848477397,0.00432120992540012,0.00144040330846671,0.00332157598568599,"(--Fe)"
"29","pyrE(--Fe)","H26","pyrE","(--Fe)",14.0016666666667,9,0.0184346161411155,0.00439327999494468,0.00146442666498156,0.00337697394515073,"(--Fe)"
"30","pyrE(--Fe)","H26","pyrE","(--Fe)",14.5016666666667,9,0.0188789521104265,0.00446054118054267,0.00148684706018089,0.00342867546919329,"(--Fe)"
"31","pyrE(--Fe)","H26","pyrE","(--Fe)",15.0016666666667,9,0.0193111325455662,0.004523154126724,0.00150771804224133,0.00347680404013045,"(--Fe)"
"32","pyrE(--Fe)","H26","pyrE","(--Fe)",15.5016666666667,9,0.0197314324117673,0.00458127804789779,0.0015270926826326,0.00352148204099079,"(--Fe)"
"33","pyrE(--Fe)","H26","pyrE","(--Fe)",16.0016666666667,9,0.0201401250827264,0.00463507046524967,0.00154502348841656,0.00356283055327615,"(--Fe)"
"34","pyrE(--Fe)","H26","pyrE","(--Fe)",16.5016666666667,9,0.0205374819753602,0.0046846869677842,0.00156156232259473,0.00360096917328248,"(--Fe)"
"35","pyrE(--Fe)","H26","pyrE","(--Fe)",17.0016666666667,9,0.0209237722146836,0.00473028099648932,0.00157676033216311,0.00363601584619402,"(--Fe)"
"36","pyrE(--Fe)","H26","pyrE","(--Fe)",17.5016666666667,9,0.0212992623276059,0.00477200365057236,0.00159066788352412,0.00366808671714308,"(--Fe)"
"37","pyrE(--Fe)","H26","pyrE","(--Fe)",18.0016666666667,9,0.0216642159644118,0.00481000351470049,0.00160333450490016,0.0036972959984153,"(--Fe)"
"38","pyrE(--Fe)","H26","pyrE","(--Fe)",18.5016666666667,9,0.0220188936466759,0.00484442650616942,0.00161480883538981,0.00372375585197312,"(--Fe)"
"39","pyrE(--Fe)","H26","pyrE","(--Fe)",19.0016666666667,9,0.0223635525403493,0.00487541574092441,0.00162513858030814,0.00374757628647039,"(--Fe)"
"40","pyrE(--Fe)","H26","pyrE","(--Fe)",19.5016666666667,9,0.0226984462527584,0.00490311141736439,0.0016343704724548,0.00376886506793635,"(--Fe)"
"41","pyrE(--Fe)","H26","pyrE","(--Fe)",20.0016666666667,9,0.0230238246522628,0.00492765071687302,0.00164255023895767,0.00378772764331698,"(--Fe)"
"42","pyrE(--Fe)","H26","pyrE","(--Fe)",20.5016666666667,9,0.0233399337093309,0.00494916772003788,0.00164972257334596,0.00380426707607544,"(--Fe)"
"43","pyrE(--Fe)","H26","pyrE","(--Fe)",21.0016666666667,9,0.0236470153578156,0.00496779333754376,0.00165593111251459,0.00381858399307187,"(--Fe)"
"44","pyrE(--Fe)","H26","pyrE","(--Fe)",21.5016666666667,9,0.0239453073752316,0.00498365525475011,0.00166121841825004,0.00383077654196191,"(--Fe)"
"45","pyrE(--Fe)","H26","pyrE","(--Fe)",22.0016666666667,9,0.0242350432808692,0.00499687788899452,0.00166562596299817,0.00384094035837721,"(--Fe)"
"46","pyrE(--Fe)","H26","pyrE","(--Fe)",22.5016666666667,9,0.0245164522506084,0.00500758235869583,0.00166919411956528,0.003849168542176,"(--Fe)"
"47","pyrE(--Fe)","H26","pyrE","(--Fe)",23.0016666666667,9,0.0247897590473341,0.00501588646336449,0.00167196215445483,0.00385555164207771,"(--Fe)"
"48","pyrE(--Fe)","H26","pyrE","(--Fe)",23.5016666666667,9,0.0250551839658893,0.00502190467366428,0.00167396822455476,0.00386017764802365,"(--Fe)"
"49","pyrE(--Fe)","H26","pyrE","(--Fe)",24.0016666666667,9,0.0253129427915421,0.00502574813070634,0.00167524937690211,0.00386313199063448,"(--Fe)"
"50","pyrE(--Fe)","H26","pyrE","(--Fe)",24.5016666666667,9,0.0255632467709847,0.00502752465379408,0.00167584155126469,0.00386449754716335,"(--Fe)"
"51","pyrE(--Fe)","H26","pyrE","(--Fe)",25.0016666666667,9,0.0258063025949222,0.00502733875587565,0.00167577958529188,0.0038643546533738,"(--Fe)"
"52","pyrE(--Fe)","H26","pyrE","(--Fe)",25.5016666666667,9,0.0260423123913497,0.00502529166599889,0.00167509722199963,0.00386278112080016,"(--Fe)"
"53","pyrE(--Fe)","H26","pyrE","(--Fe)",26.0016666666667,9,0.0262714737286622,0.00502148135810138,0.00167382711936713,0.00385985225887747,"(--Fe)"
"54","pyrE(--Fe)","H26","pyrE","(--Fe)",26.5016666666667,9,0.0264939796277798,0.00501600258550556,0.00167200086183519,0.00385564090145687,"(--Fe)"
"55","pyrE(--Fe)","H26","pyrE","(--Fe)",27.0016666666667,9,0.0267100185825146,0.00500894692052594,0.00166964897350865,0.00385021743725033,"(--Fe)"
"56","pyrE(--Fe)","H26","pyrE","(--Fe)",27.5016666666667,9,0.0269197745874458,0.00500040279863107,0.00166680093287702,0.00384364984377657,"(--Fe)"
"57","pyrE(--Fe)","H26","pyrE","(--Fe)",28.0016666666667,9,0.0271234271726102,0.00499045556663804,0.00166348518887935,0.00383600372440666,"(--Fe)"
"58","pyrE(--Fe)","H26","pyrE","(--Fe)",28.5016666666667,9,0.0273211514443551,0.00497918753445099,0.00165972917815033,0.00382734234813368,"(--Fe)"
"59","pyrE(--Fe)","H26","pyrE","(--Fe)",29.0016666666667,9,0.0275131181317378,0.00496667802988856,0.00165555934329619,0.0038177266917169,"(--Fe)"
"60","pyrE(--Fe)","H26","pyrE","(--Fe)",29.5016666666667,9,0.0276994936378951,0.00495300345617536,0.00165100115205845,0.00380721548387363,"(--Fe)"
"61","pyrE(--Fe)","H26","pyrE","(--Fe)",30.0016666666667,9,0.0278804400958397,0.00493823735170456,0.00164607911723485,0.00379586525121679,"(--Fe)"
"62","pyrE(--Fe)","H26","pyrE","(--Fe)",30.5016666666667,9,0.0280561154281778,0.0049224504517062,0.0016408168172354,0.00378373036565737,"(--Fe)"
"63","pyrE(--Fe)","H26","pyrE","(--Fe)",31.0016666666667,9,0.0282266734102737,0.00490571075148408,0.00163523691716136,0.00377086309301261,"(--Fe)"
"64","pyrE(--Fe)","H26","pyrE","(--Fe)",31.5016666666667,9,0.0283922637364206,0.00488808357091019,0.0016293611903034,0.00375731364258082,"(--Fe)"
"65","pyrE(--Fe)","H26","pyrE","(--Fe)",32.0016666666667,9,0.0285530320886052,0.00486963161989105,0.00162321053996368,0.00374313021746324,"(--Fe)"
"66","pyrE(--Fe)","H26","pyrE","(--Fe)",32.5016666666667,9,0.0287091202074875,0.00485041506454295,0.00161680502151432,0.00372835906543087,"(--Fe)"
"67","pyrE(--Fe)","H26","pyrE","(--Fe)",33.0016666666667,9,0.0288606659652384,0.0048304915938367,0.00161016386461223,0.00371304453015213,"(--Fe)"
"68","pyrE(--Fe)","H26","pyrE","(--Fe)",33.5016666666667,9,0.0290078034399115,0.00480991648649239,0.00160330549549746,0.00369722910261272,"(--Fe)"
"69","pyrE(--Fe)","H26","pyrE","(--Fe)",34.0016666666667,9,0.0291506629910445,0.00478874267792509,0.00159624755930836,0.00368095347257464,"(--Fe)"
"70","pyrE(--Fe)","H26","pyrE","(--Fe)",34.5016666666667,9,0.0292893713362134,0.00476702082706098,0.00158900694235366,0.00366425657993566,"(--Fe)"
"71","pyrE(--Fe)","H26","pyrE","(--Fe)",35.0016666666667,9,0.0294240516282829,0.00474479938286089,0.00158159979428696,0.00364717566586379,"(--Fe)"
"72","pyrE(--Fe)","H26","pyrE","(--Fe)",35.5016666666667,9,0.0295548235331195,0.00472212465040366,0.00157404155013455,0.00362974632359346,"(--Fe)"
"73","pyrE(--Fe)","H26","pyrE","(--Fe)",36.0016666666667,9,0.0296818033075506,0.00469904085639876,0.00156634695213292,0.00361200254878295,"(--Fe)"
"74","pyrE(--Fe)","H26","pyrE","(--Fe)",36.5016666666667,9,0.0298051038773769,0.00467559021400963,0.00155853007133654,0.00359397678934211,"(--Fe)"
"75","pyrE(--Fe)","H26","pyrE","(--Fe)",37.0016666666667,9,0.0299248349152568,0.00465181298688439,0.00155060432896146,0.00357569999465062,"(--Fe)"
"76","pyrE(--Fe)","H26","pyrE","(--Fe)",37.5016666666667,9,0.0300411029183031,0.00462774755230086,0.00154258251743362,0.00355720166409558,"(--Fe)"
"77","pyrE(--Fe)","H26","pyrE","(--Fe)",38.0016666666667,9,0.0301540112852452,0.00460343046334626,0.00153447682111542,0.0035385098948671,"(--Fe)"
"78","pyrE(--Fe)","H26","pyrE","(--Fe)",38.5016666666667,9,0.0302636603930247,0.00457889651006059,0.00152629883668686,0.00351965142895722,"(--Fe)"
"79","pyrE(--Fe)","H26","pyrE","(--Fe)",39.0016666666667,9,0.0303701476727068,0.0045541787794835,0.00151805959316117,0.003500651699316,"(--Fe)"
"80","pyrE(--Fe)","H26","pyrE","(--Fe)",39.5016666666667,9,0.0304735676846008,0.00452930871455281,0.0015097695715176,0.00348153487512502,"(--Fe)"
"81","pyrE(--Fe)","H26","pyrE","(--Fe)",40.0016666666667,9,0.0305740121924965,0.0045043161718118,0.00150143872393727,0.003462323906155,"(--Fe)"
"82","pyrE(--Fe)","H26","pyrE","(--Fe)",40.5016666666667,9,0.0306715702369326,0.00447922947788829,0.00149307649262943,0.0034430405661796,"(--Fe)"
"83","pyrE(--Fe)","H26","pyrE","(--Fe)",41.0016666666667,9,0.0307663282074245,0.0044540754847179,0.0014846918282393,0.00342370549542366,"(--Fe)"
"84","pyrE(--Fe)","H26","pyrE","(--Fe)",41.5016666666667,9,0.0308583699135871,0.00442887962348752,0.00147629320782917,0.00340433824202789,"(--Fe)"
"85","pyrE(--Fe)","H26","pyrE","(--Fe)",42.0016666666667,9,0.0309477766550973,0.00440366595728264,0.00146788865242755,0.0033849573025172,"(--Fe)"
"86","pyrE(--Fe)","H26","pyrE","(--Fe)",42.5016666666667,9,0.0310346272904493,0.00437845723242656,0.00145948574414219,0.00336558016126342,"(--Fe)"
"87","pyrE(--Fe)","H26","pyrE","(--Fe)",43.0016666666667,9,0.0311189983044621,0.00435327492850433,0.00145109164283478,0.0033462233289372,"(--Fe)"
"88","pyrE(--Fe)","H26","pyrE","(--Fe)",43.5016666666667,9,0.0312009638745067,0.00432813930706876,0.00144271310235625,0.00332690237994675,"(--Fe)"
"89","pyrE(--Fe)","H26","pyrE","(--Fe)",44.0016666666667,9,0.0312805959354246,0.00430306945902919,0.00143435648634306,0.00330763198886402,"(--Fe)"
"90","pyrE(--Fe)","H26","pyrE","(--Fe)",44.5016666666667,9,0.0313579642431176,0.00427808335072781,0.00142602778357594,0.00328842596584214,"(--Fe)"
"91","pyrE(--Fe)","H26","pyrE","(--Fe)",45.0016666666667,9,0.031433136436791,0.00425319786871089,0.00141773262290363,0.00326929729102962,"(--Fe)"
"92","pyrE(--Fe)","H26","pyrE","(--Fe)",45.5016666666667,9,0.0315061780998405,0.00422842886320484,0.00140947628773495,0.00325025814798901,"(--Fe)"
"93","pyrE(--Fe)","H26","pyrE","(--Fe)",46.0016666666667,9,0.0315771528193739,0.00420379119031085,0.00140126373010362,0.00323131995613055,"(--Fe)"
"94","pyrE(--Fe)","H26","pyrE","(--Fe)",46.5016666666667,9,0.0316461222443646,0.00417929875293153,0.00139309958431051,0.00321249340217124,"(--Fe)"
"95","pyrE(--Fe)","H26","pyrE","(--Fe)",47.0016666666667,9,0.0317131461424382,0.00415496454044735,0.00138498818014912,0.00319378847063276,"(--Fe)"
"96","pyrE(--Fe)","H26","pyrE","(--Fe)",47.5016666666667,9,0.031778282455294,0.0041308006671609,0.0013769335557203,0.00317521447339239,"(--Fe)"
"97","pyrE(--Fe)","H26","pyrE","(--Fe)",48.0016666666667,9,0.0318415873527687,0.00410681840952854,0.00136893946984285,0.0031567800783018,"(--Fe)"
"98","pyrE(--Fe)","H26","pyrE","(--Fe)",48.5016666666667,9,0.0319031152855508,0.00408302824220078,0.00136100941406693,0.00313849333689013,"(--Fe)"
"99","pyrE(--Fe)","H26","pyrE","(--Fe)",49.0016666666667,9,0.0319629190365573,0.00405943987289294,0.00135314662429765,0.00312036171116793,"(--Fe)"
"100","pyrE(--Fe)","H26","pyrE","(--Fe)",49.5016666666667,9,0.0320210497709846,0.00403606227610973,0.00134535409203658,0.00310239209955019,"(--Fe)"
"101","pyrE(--Fe)","H26","pyrE","(--Fe)",50.0016666666667,9,0.0320775570850511,0.00401290372574613,0.00133763457524871,0.00308459086191559,"(--Fe)"
"102","pyrE(--Fe)","H26","pyrE","(--Fe)",50.5016666666667,9,0.0321324890534456,0.00398997182658987,0.00132999060886329,0.00306696384382145,"(--Fe)"
"103","pyrE(--Fe)","H26","pyrE","(--Fe)",51.0016666666667,9,0.0321858922755015,0.00396727354474934,0.00132242451491645,0.00304951639989269,"(--Fe)"
"104","pyrE(--Fe)","H26","pyrE","(--Fe)",51.5016666666667,9,0.032237811920115,0.00394481523703187,0.00131493841234396,0.00303225341640396,"(--Fe)"
"105","pyrE(--Fe)","H26","pyrE","(--Fe)",52.0016666666667,9,0.0322882917694285,0.0039226026792977,0.00130753422643257,0.00301517933307448,"(--Fe)"
"106","pyrE(--Fe)","H26","pyrE","(--Fe)",52.5016666666667,9,0.0323373742613,0.00390064109381458,0.00130021369793819,0.00299829816409458,"(--Fe)"
"107","pyrE(--Fe)","H26","pyrE","(--Fe)",53.0016666666667,9,0.0323851005305808,0.00387893517563834,0.00129297839187945,0.00298161351840363,"(--Fe)"
"108","pyrE(--Fe)","H26","pyrE","(--Fe)",53.5016666666667,9,0.0324315104492247,0.00385748911804454,0.00128582970601485,0.00296512861923859,"(--Fe)"
"109","pyrE(--Fe)","H26","pyrE","(--Fe)",54.0016666666667,9,0.0324766426652505,0.00383630663703644,0.00127876887901215,0.0029488463229724,"(--Fe)"
"110","pyrE(--Fe)","H26","pyrE","(--Fe)",54.5016666666667,9,0.0325205346405837,0.00381539099495388,0.00127179699831796,0.00293276913726146,"(--Fe)"
"111","pyrE(--Fe)","H26","pyrE","(--Fe)",55.0016666666667,9,0.032563222687799,0.0037947450232081,0.00126491500773603,0.0029168992385211,"(--Fe)"
"112","pyrE(--Fe)","H26","pyrE","(--Fe)",55.5016666666667,9,0.03260474200579,0.00377437114416697,0.00125812371472232,0.00290123848874811,"(--Fe)"
"113","pyrE(--Fe)","H26","pyrE","(--Fe)",56.0016666666667,9,0.0326451267143887,0.00375427139221418,0.00125142379740473,0.0028857884517082,"(--Fe)"
"114","pyrE(--Fe)","H26","pyrE","(--Fe)",56.5016666666667,9,0.0326844098879603,0.00373444743400716,0.00124481581133572,0.0028705504085077,"(--Fe)"
"115","pyrE(--Fe)","H26","pyrE","(--Fe)",57.0016666666667,9,0.0327226235879974,0.00371490058795642,0.00123830019598547,0.00285552537256663,"(--Fe)"
"116","pyrE(--Fe)","H26","pyrE","(--Fe)",57.5016666666667,9,0.0327597988947376,0.00369563184294965,0.00123187728098322,0.00284071410401136,"(--Fe)"
"117","pyrE(--Fe)","H26","pyrE","(--Fe)",58.0016666666667,9,0.0327959659378298,0.00367664187634333,0.00122554729211444,0.00282611712350417,"(--Fe)"
"118","pyrE(--Fe)","H26","pyrE","(--Fe)",58.5016666666667,9,0.0328311539260718,0.00365793107124402,0.00121931035708134,0.00281173472552683,"(--Fe)"
"119","pyrE(--Fe)","H26","pyrE","(--Fe)",59.0016666666667,9,0.0328653911762443,0.00363949953310132,0.00121316651103377,0.00279756699113509,"(--Fe)"
"120","pyrE(--Fe)","H26","pyrE","(--Fe)",59.5016666666667,9,0.0328987051410649,0.00362134710563324,0.00120711570187775,0.00278361380019996,"(--Fe)"
"121","pyrE(--Fe)","H26","pyrE","(--Fe)",60.0016666666667,9,0.0329311224362844,0.00360347338610624,0.00120115779536875,0.00276987484315305,"(--Fe)"
"122","pyrE(--Fe)","H26","pyrE","(--Fe)",60.5016666666667,9,0.0329626688669496,0.00358587773998868,0.00119529257999623,0.00275634963225015,"(--Fe)"
"123","pyrE(--Fe)","H26","pyrE","(--Fe)",61.0016666666667,9,0.0329933694528553,0.00356855931499944,0.00118951977166648,0.00274303751237002,"(--Fe)"
"124","pyrE(--Fe)","H26","pyrE","(--Fe)",61.5016666666667,9,0.0330232484532066,0.00355151705456989,0.00118383901818996,0.00272993767136209,"(--Fe)"
"125","pyrE(--Fe)","H26","pyrE","(--Fe)",62.0016666666667,9,0.0330523293905158,0.00353474971073898,0.00117824990357966,0.00271704914995861,"(--Fe)"
"126","pyrE(--Fe)","H26","pyrE","(--Fe)",62.5016666666667,9,0.0330806350737527,0.00351825585650025,0.00117275195216675,0.00270437085126528,"(--Fe)"
"127","pyrE(--Fe)","H26","pyrE","(--Fe)",63.0016666666667,9,0.0331081876207721,0.00350203389761834,0.00116734463253945,0.00269190154984435,"(--Fe)"
"128","pyrE(--Fe)","H26","pyrE","(--Fe)",63.5016666666667,9,0.0331350084800383,0.00348608208393328,0.00116202736131109,0.00267963990040376,"(--Fe)"
"129","pyrE(--Fe)","H26","pyrE","(--Fe)",64.0016666666667,9,0.0331611184516659,0.00347039852016946,0.00115679950672315,0.00266758444610573,"(--Fe)"
"130","pyrE(--Fe)","H26","pyrE","(--Fe)",64.5016666666667,9,0.0331865377077991,0.00345498117626673,0.00115166039208891,0.00265573362650788,"(--Fe)"
"131","pyrE(-Fe)","H26","pyrE","(-Fe)",0,9,0,0,0,0,"(-Fe)"
"132","pyrE(-Fe)","H26","pyrE","(-Fe)",0.501666666666667,9,0.00197342195586035,7.40050688709954e-05,2.46683562903318e-05,5.68853316141948e-05,"(-Fe)"
"133","pyrE(-Fe)","H26","pyrE","(-Fe)",1.00166666666667,9,0.00395342555151596,0.000148596428162846,4.95321427209486e-05,0.00011422132594003,"(-Fe)"
"134","pyrE(-Fe)","H26","pyrE","(-Fe)",1.50166666666667,9,0.00594591268770538,0.000223960874736632,7.46536249122108e-05,0.000172151567755539,"(-Fe)"
"135","pyrE(-Fe)","H26","pyrE","(-Fe)",2.00166666666667,9,0.00795023425285081,0.000300038687742382,0.000100012895914127,0.000230630151551721,"(-Fe)"
"136","pyrE(-Fe)","H26","pyrE","(-Fe)",2.50166666666667,9,0.00996572456173056,0.000376768298116739,0.00012558943270558,0.000289609751157012,"(-Fe)"
"137","pyrE(-Fe)","H26","pyrE","(-Fe)",3.00166666666667,9,0.0119917021700925,0.000454086553442019,0.000151362184480673,0.000349041823325968,"(-Fe)"
"138","pyrE(-Fe)","H26","pyrE","(-Fe)",3.50166666666667,9,0.0140274707354346,0.000531928994214066,0.000177309664738022,0.000408876820097543,"(-Fe)"
"139","pyrE(-Fe)","H26","pyrE","(-Fe)",4.00166666666667,9,0.0160723199218464,0.000610230140176129,0.000203410046725376,0.000469064408890791,"(-Fe)"
"140","pyrE(-Fe)","H26","pyrE","(-Fe)",4.50166666666667,9,0.0181255263465824,0.000688923785282734,0.000229641261760911,0.000529553699234164,"(-Fe)"
"141","pyrE(-Fe)","H26","pyrE","(-Fe)",5.00166666666667,9,0.0201863545658343,0.000767943299769783,0.000255981099923261,0.000590293474957151,"(-Fe)"
"142","pyrE(-Fe)","H26","pyrE","(-Fe)",5.50166666666667,9,0.0222540580969643,0.000847221937725976,0.000282407312575325,0.000651232430610596,"(-Fe)"
"143","pyrE(-Fe)","H26","pyrE","(-Fe)",6.00166666666667,9,0.0243278804742788,0.000926693148487192,0.000308897716162397,0.000712319410825611,"(-Fe)"
"144","pyrE(-Fe)","H26","pyrE","(-Fe)",6.50166666666667,9,0.0264070563352473,0.00100629089011053,0.00033543029670351,0.000773503651271054,"(-Fe)"
"145","pyrE(-Fe)","H26","pyrE","(-Fe)",7.00166666666667,9,0.0284908125339147,0.00108594994312858,0.000361983314376195,0.000834735019826414,"(-Fe)"
"146","pyrE(-Fe)","H26","pyrE","(-Fe)",7.50166666666667,9,0.030578369278113,0.00116560622273889,0.000388535407579631,0.000895964256551865,"(-Fe)"
"147","pyrE(-Fe)","H26","pyrE","(-Fe)",8.00166666666667,9,0.0326689412869567,0.0012451970875464,0.000415065695848801,0.000957143211008729,"(-Fe)"
"148","pyrE(-Fe)","H26","pyrE","(-Fe)",8.50166666666667,9,0.0347617389649981,0.00132466164295416,0.000441553880984719,0.00101822507546621,"(-Fe)"
"149","pyrE(-Fe)","H26","pyrE","(-Fe)",9.00166666666667,9,0.0368559695893361,0.0014039410372824,0.000467980345760799,0.00107916461251868,"(-Fe)"
"150","pyrE(-Fe)","H26","pyrE","(-Fe)",9.50166666666667,9,0.0389508385059037,0.00148297874869599,0.000494326249565331,0.00113991837563762,"(-Fe)"
"151","pyrE(-Fe)","H26","pyrE","(-Fe)",10.0016666666667,9,0.0410455503311163,0.00156172086103222,0.000520573620344074,0.00120044492119164,"(-Fe)"
"152","pyrE(-Fe)","H26","pyrE","(-Fe)",10.5016666666667,9,0.0431393101550357,0.00164011632664406,0.000546705442214687,0.00126070501048569,"(-Fe)"
"153","pyrE(-Fe)","H26","pyrE","(-Fe)",11.0016666666667,9,0.0452313247422049,0.0017181172144132,0.000572705738137732,0.00132066180040076,"(-Fe)"
"154","pyrE(-Fe)","H26","pyrE","(-Fe)",11.5016666666667,9,0.0473208037263215,0.00179567894113819,0.000598559647046063,0.00138028102125457,"(-Fe)"
"155","pyrE(-Fe)","H26","pyrE","(-Fe)",12.0016666666667,9,0.0494069607949608,0.00187276048456774,0.000624253494855914,0.00143953114055339,"(-Fe)"
"156","pyrE(-Fe)","H26","pyrE","(-Fe)",12.5016666666667,9,0.0514890148606145,0.00194932457643075,0.00064977485881025,0.00149838351136814,"(-Fe)"
"157","pyrE(-Fe)","H26","pyrE","(-Fe)",13.0016666666667,9,0.0535661912143912,0.00202533787390682,0.000675112624635606,0.00155681250413824,"(-Fe)"
"158","pyrE(-Fe)","H26","pyrE","(-Fe)",13.5016666666667,9,0.0556377226588222,0.00210077110809187,0.000700257036030625,0.00161479562079243,"(-Fe)"
"159","pyrE(-Fe)","H26","pyrE","(-Fe)",14.0016666666667,9,0.0577028506163337,0.00217559920813512,0.00072519973604504,0.00167231359016883,"(-Fe)"
"160","pyrE(-Fe)","H26","pyrE","(-Fe)",14.5016666666667,9,0.0597608262100771,0.00224980139986384,0.000749933799954615,0.00172935044382471,"(-Fe)"
"161","pyrE(-Fe)","H26","pyrE","(-Fe)",15.0016666666667,9,0.0618109113139623,0.00232336127786395,0.000774453759287984,0.0017858935714425,"(-Fe)"
"162","pyrE(-Fe)","H26","pyrE","(-Fe)",15.5016666666667,9,0.063852379568902,0.00239626685015322,0.00079875561671774,0.00184193375516866,"(-Fe)"
"163","pyrE(-Fe)","H26","pyrE","(-Fe)",16.0016666666667,9,0.065884517362454,0.00246851055476459,0.000822836851588197,0.00189746518236076,"(-Fe)"
"164","pyrE(-Fe)","H26","pyrE","(-Fe)",16.5016666666667,9,0.0679066247692414,0.0025400892477536,0.000846696415917867,0.00195248543636915,"(-Fe)"
"165","pyrE(-Fe)","H26","pyrE","(-Fe)",17.0016666666667,9,0.0699180164497284,0.00261100416235167,0.000870334720783888,0.00200699546513941,"(-Fe)"
"166","pyrE(-Fe)","H26","pyrE","(-Fe)",17.5016666666667,9,0.0719180225051467,0.00268126083920757,0.00089375361306919,0.00206099952759122,"(-Fe)"
"167","pyrE(-Fe)","H26","pyrE","(-Fe)",18.0016666666667,9,0.0739059892865817,0.00275086902789148,0.000916956342630494,0.00211450511790761,"(-Fe)"
"168","pyrE(-Fe)","H26","pyrE","(-Fe)",18.5016666666667,9,0.0758812801564542,0.00281984256007501,0.000939947520025003,0.00216752286805256,"(-Fe)"
"169","pyrE(-Fe)","H26","pyrE","(-Fe)",19.0016666666667,9,0.0778432762008653,0.00288819919505037,0.00096273306501679,0.0022200664290265,"(-Fe)"
"170","pyrE(-Fe)","H26","pyrE","(-Fe)",19.5016666666667,9,0.0797913768915012,0.00295596043850353,0.000985320146167843,0.00227215233156302,"(-Fe)"
"171","pyrE(-Fe)","H26","pyrE","(-Fe)",20.0016666666667,9,0.0817250006960317,0.0030231513357122,0.00100771711190407,0.00232379982716677,"(-Fe)"
"172","pyrE(-Fe)","H26","pyrE","(-Fe)",20.5016666666667,9,0.0836435856361674,0.00308980024059443,0.00102993341353148,0.00237503071058853,"(-Fe)"
"173","pyrE(-Fe)","H26","pyrE","(-Fe)",21.0016666666667,9,0.0855465897927748,0.00315593856228486,0.00105197952076162,0.00242586912502639,"(-Fe)"
"174","pyrE(-Fe)","H26","pyrE","(-Fe)",21.5016666666667,9,0.0874334917576752,0.00322160049115825,0.00107386683038608,0.0024763413515289,"(-Fe)"
"175","pyrE(-Fe)","H26","pyrE","(-Fe)",22.0016666666667,9,0.0893037910319796,0.00328682270645308,0.00109560756881769,0.00252647558425459,"(-Fe)"
"176","pyrE(-Fe)","H26","pyrE","(-Fe)",22.5016666666667,9,0.0911570083710269,0.00335164406786235,0.00111721468928745,0.0025763016934077,"(-Fe)"
"177","pyrE(-Fe)","H26","pyrE","(-Fe)",23.0016666666667,9,0.0929926860762091,0.00341610529365532,0.00113870176455177,0.00262585097782067,"(-Fe)"
"178","pyrE(-Fe)","H26","pyrE","(-Fe)",23.5016666666667,9,0.0948103882341639,0.00348024862806531,0.00116008287602177,0.00267515590928575,"(-Fe)"
"179","pyrE(-Fe)","H26","pyrE","(-Fe)",24.0016666666667,9,0.0966097009040157,0.00354411750082085,0.00118137250027362,0.00272424987084744,"(-Fe)"
"180","pyrE(-Fe)","H26","pyrE","(-Fe)",24.5016666666667,9,0.0983902322535244,0.00360775618180703,0.00120258539393568,0.0027731668913518,"(-Fe)"
"181","pyrE(-Fe)","H26","pyrE","(-Fe)",25.0016666666667,9,0.100151612645178,0.00367120943391905,0.00122373647797302,0.00282194137860596,"(-Fe)"
"182","pyrE(-Fe)","H26","pyrE","(-Fe)",25.5016666666667,9,0.101893494673428,0.0037345221672032,0.00124484072240107,0.0028706078535274,"(-Fe)"
"183","pyrE(-Fe)","H26","pyrE","(-Fe)",26.0016666666667,9,0.103615553154408,0.00379773909737502,0.00126591303245834,0.00291920068765777,"(-Fe)"
"184","pyrE(-Fe)","H26","pyrE","(-Fe)",26.5016666666667,9,0.105317485069628,0.003860904411755,0.00128696813725167,0.00296775384637835,"(-Fe)"
"185","pyrE(-Fe)","H26","pyrE","(-Fe)",27.0016666666667,9,0.10699900946525,0.00392406144556914,0.00130802048185638,0.00301630064009256,"(-Fe)"
"186","pyrE(-Fe)","H26","pyrE","(-Fe)",27.5016666666667,9,0.108659867308656,0.00398725237142843,0.00132908412380948,0.00306487348553886,"(-Fe)"
"187","pyrE(-Fe)","H26","pyrE","(-Fe)",28.0016666666667,9,0.110299821304153,0.00405051790462343,0.00135017263487448,0.00311350367926005,"(-Fe)"
"188","pyrE(-Fe)","H26","pyrE","(-Fe)",28.5016666666667,9,0.111918655669685,0.00411389702665782,0.00137129900888594,0.00316222118509235,"(-Fe)"
"189","pyrE(-Fe)","H26","pyrE","(-Fe)",29.0016666666667,9,0.113516175876567,0.00417742672919532,0.00139247557639844,0.00321105443734561,"(-Fe)"
"190","pyrE(-Fe)","H26","pyrE","(-Fe)",29.5016666666667,9,0.115092208354248,0.00424114178031546,0.00141371392677182,0.00326003016113154,"(-Fe)"
"191","pyrE(-Fe)","H26","pyrE","(-Fe)",30.0016666666667,9,0.116646600162216,0.00430507451467165,0.00143502483822388,0.00330917321106496,"(-Fe)"
"192","pyrE(-Fe)","H26","pyrE","(-Fe)",30.5016666666667,9,0.118179218631141,0.00436925464882167,0.00145641821627389,0.00335850642931426,"(-Fe)"
"193","pyrE(-Fe)","H26","pyrE","(-Fe)",31.0016666666667,9,0.119689950975428,0.0044337091226683,0.00147790304088943,0.00340805052372185,"(-Fe)"
"194","pyrE(-Fe)","H26","pyrE","(-Fe)",31.5016666666667,9,0.121178703879316,0.0044984619676077,0.0014994873225359,0.00345782396645401,"(-Fe)"
"195","pyrE(-Fe)","H26","pyrE","(-Fe)",32.0016666666667,9,0.122645403058701,0.0045635342016458,0.00152117806721527,0.00350784291338028,"(-Fe)"
"196","pyrE(-Fe)","H26","pyrE","(-Fe)",32.5016666666667,9,0.124089992800822,0.00462894375141306,0.00154298125047102,0.00355812114412866,"(-Fe)"
"197","pyrE(-Fe)","H26","pyrE","(-Fe)",33.0016666666667,9,0.125512435483957,0.00469470540069173,0.00156490180023058,0.00360867002252016,"(-Fe)"
"198","pyrE(-Fe)","H26","pyrE","(-Fe)",33.5016666666667,9,0.126912711079228,0.00476083076477418,0.00158694358825806,0.00365949847685882,"(-Fe)"
"199","pyrE(-Fe)","H26","pyrE","(-Fe)",34.0016666666667,9,0.128290816636597,0.00482732828969875,0.00160910942989958,0.00371061299934446,"(-Fe)"
"200","pyrE(-Fe)","H26","pyrE","(-Fe)",34.5016666666667,9,0.129646765757076,0.00489420327516652,0.00163140109172217,0.00376201766368792,"(-Fe)"
"201","pyrE(-Fe)","H26","pyrE","(-Fe)",35.0016666666667,9,0.130980588053143,0.00496145791973055,0.00165381930657685,0.0038137141598467,"(-Fe)"
"202","pyrE(-Fe)","H26","pyrE","(-Fe)",35.5016666666667,9,0.132292328599284,0.00502909138667207,0.00167636379555736,0.00386570184466182,"(-Fe)"
"203","pyrE(-Fe)","H26","pyrE","(-Fe)",36.0016666666667,9,0.133582047374529,0.00509709988883372,0.00169903329627791,0.00391797780706642,"(-Fe)"
"204","pyrE(-Fe)","H26","pyrE","(-Fe)",36.5016666666667,9,0.134849818698785,0.00516547679057357,0.00172182559685786,0.0039705369464546,"(-Fe)"
"205","pyrE(-Fe)","H26","pyrE","(-Fe)",37.0016666666667,9,0.136095730664696,0.00523421272492927,0.00174473757497642,0.00402337206274172,"(-Fe)"
"206","pyrE(-Fe)","H26","pyrE","(-Fe)",37.5016666666667,9,0.137319884566682,0.00530329572404202,0.00176776524134734,0.00407647395661715,"(-Fe)"
"207","pyrE(-Fe)","H26","pyrE","(-Fe)",38.0016666666667,9,0.138522394328747,0.00537271136088106,0.00179090378696035,0.00412983153848338,"(-Fe)"
"208","pyrE(-Fe)","H26","pyrE","(-Fe)",38.5016666666667,9,0.139703385932551,0.00544244290032875,0.00181414763344292,0.00418343194459022,"(-Fe)"
"209","pyrE(-Fe)","H26","pyrE","(-Fe)",39.0016666666667,9,0.140862996847169,0.00551247145773202,0.00183749048591067,0.00423726065890832,"(-Fe)"
"210","pyrE(-Fe)","H26","pyrE","(-Fe)",39.5016666666667,9,0.142001375461882,0.00558277616309292,0.00186092538769764,0.00429130163933717,"(-Fe)"
"211","pyrE(-Fe)","H26","pyrE","(-Fe)",40.0016666666667,9,0.143118680523245,0.00565333432915861,0.0018844447763862,0.00434553744691047,"(-Fe)"
"212","pyrE(-Fe)","H26","pyrE","(-Fe)",40.5016666666667,9,0.14421508057763,0.00572412162177223,0.00190804054059074,0.00439994937673945,"(-Fe)"
"213","pyrE(-Fe)","H26","pyrE","(-Fe)",41.0016666666667,9,0.145290753420302,0.00579511223096188,0.00193170407698729,0.00445451758952344,"(-Fe)"
"214","pyrE(-Fe)","H26","pyrE","(-Fe)",41.5016666666667,9,0.146345885552078,0.00586627904136688,0.00195542634712229,0.00450922124255118,"(-Fe)"
"215","pyrE(-Fe)","H26","pyrE","(-Fe)",42.0016666666667,9,0.147380671644469,0.00593759380073082,0.00197919793357694,0.00456403861921596,"(-Fe)"
"216","pyrE(-Fe)","H26","pyrE","(-Fe)",42.5016666666667,9,0.148395314014161,0.00600902728532296,0.00200300909510765,0.0046189472561698,"(-Fe)"
"217","pyrE(-Fe)","H26","pyrE","(-Fe)",43.0016666666667,9,0.149390022107625,0.00608054946128203,0.00202684982042734,0.00467392406734328,"(-Fe)"
"218","pyrE(-Fe)","H26","pyrE","(-Fe)",43.5016666666667,9,0.150365011996528,0.00615212964100879,0.00205070988033626,0.00472894546415946,"(-Fe)"
"219","pyrE(-Fe)","H26","pyrE","(-Fe)",44.0016666666667,9,0.151320505884584,0.00622373663386066,0.00207457887795355,0.00478398747136811,"(-Fe)"
"220","pyrE(-Fe)","H26","pyrE","(-Fe)",44.5016666666667,9,0.152256731626385,0.0062953388905259,0.00209844629684197,0.00483902583802144,"(-Fe)"
"221","pyrE(-Fe)","H26","pyrE","(-Fe)",45.0016666666667,9,0.15317392225871,0.00636690464057008,0.00212230154685669,0.00489403614320173,"(-Fe)"
"222","pyrE(-Fe)","H26","pyrE","(-Fe)",45.5016666666667,9,0.154072315544704,0.00643840202275856,0.00214613400758619,0.00494899389619603,"(-Fe)"
"223","pyrE(-Fe)","H26","pyrE","(-Fe)",46.0016666666667,9,0.154952153531303,0.0065097992078596,0.00216993306928653,0.00500387463089101,"(-Fe)"
"224","pyrE(-Fe)","H26","pyrE","(-Fe)",46.5016666666667,9,0.155813682120183,0.00658106451372663,0.00219368817124221,0.005058653994233,"(-Fe)"
"225","pyrE(-Fe)","H26","pyrE","(-Fe)",47.0016666666667,9,0.156657150652467,0.00665216651254248,0.00221738883751416,0.00511330782866321,"(-Fe)"
"226","pyrE(-Fe)","H26","pyrE","(-Fe)",47.5016666666667,9,0.157482811507377,0.00672307413018577,0.00224102471006192,0.00516781224849751,"(-Fe)"
"227","pyrE(-Fe)","H26","pyrE","(-Fe)",48.0016666666667,9,0.158290919714953,0.00679375673774657,0.00226458557924886,0.00522214371027159,"(-Fe)"
"228","pyrE(-Fe)","H26","pyrE","(-Fe)",48.5016666666667,9,0.15908173258292,0.00686418423527863,0.00228806141175954,0.00527627907711858,"(-Fe)"
"229","pyrE(-Fe)","H26","pyrE","(-Fe)",49.0016666666667,9,0.159855509337737,0.00693432712792733,0.00231144237597578,0.00533019567728628,"(-Fe)"
"230","pyrE(-Fe)","H26","pyrE","(-Fe)",49.5016666666667,9,0.160612510779818,0.00700415659461665,0.00233471886487222,0.0053838713569345,"(-Fe)"
"231","pyrE(-Fe)","H26","pyrE","(-Fe)",50.0016666666667,9,0.161352998952882,0.00707364454951544,0.00235788151650515,0.00543728452738234,"(-Fe)"
"232","pyrE(-Fe)","H26","pyrE","(-Fe)",50.5016666666667,9,0.162077236827338,0.00714276369653494,0.00238092123217831,0.00549041420699859,"(-Fe)"
"233","pyrE(-Fe)","H26","pyrE","(-Fe)",51.0016666666667,9,0.162785487997599,0.00721148757713318,0.00240382919237773,0.00554324005794753,"(-Fe)"
"234","pyrE(-Fe)","H26","pyrE","(-Fe)",51.5016666666667,9,0.163478016393165,0.00727979061172215,0.00242659687057405,0.00559574241801724,"(-Fe)"
"235","pyrE(-Fe)","H26","pyrE","(-Fe)",52.0016666666667,9,0.164155086003305,0.0073476481349874,0.0024492160449958,0.00564790232776871,"(-Fe)"
"236","pyrE(-Fe)","H26","pyrE","(-Fe)",52.5016666666667,9,0.164816960615131,0.00741503642543981,0.00247167880847994,0.00569970155325124,"(-Fe)"
"237","pyrE(-Fe)","H26","pyrE","(-Fe)",53.0016666666667,9,0.165463903564837,0.00748193272952578,0.00249397757650859,0.00575112260453528,"(-Fe)"
"238","pyrE(-Fe)","H26","pyrE","(-Fe)",53.5016666666667,9,0.166096177501867,0.00754831528062376,0.00251610509354125,0.00580214875031439,"(-Fe)"
"239","pyrE(-Fe)","H26","pyrE","(-Fe)",54.0016666666667,9,0.166714044165728,0.00761416331325586,0.00253805443775195,0.00585276402882929,"(-Fe)"
"240","pyrE(-Fe)","H26","pyrE","(-Fe)",54.5016666666667,9,0.167317764175189,0.0076794570728387,0.00255981902427957,0.00590295325536297,"(-Fe)"
"241","pyrE(-Fe)","H26","pyrE","(-Fe)",55.0016666666667,9,0.167907596829549,0.00774417782129443,0.00258139260709814,0.00595270202655378,"(-Fe)"
"242","pyrE(-Fe)","H26","pyrE","(-Fe)",55.5016666666667,9,0.168483799921692,0.00780830783883358,0.00260276927961119,0.00600199672176578,"(-Fe)"
"243","pyrE(-Fe)","H26","pyrE","(-Fe)",56.0016666666667,9,0.169046629562583,0.007871830422215,0.00262394347407167,0.00605082450175125,"(-Fe)"
"244","pyrE(-Fe)","H26","pyrE","(-Fe)",56.5016666666667,9,0.169596340016907,0.00793472987977632,0.00264490995992544,0.00609917330483075,"(-Fe)"
"245","pyrE(-Fe)","H26","pyrE","(-Fe)",57.0016666666667,9,0.170133183549496,0.0079969915235192,0.00266566384117307,0.00614703184080931,"(-Fe)"
"246","pyrE(-Fe)","H26","pyrE","(-Fe)",57.5016666666667,9,0.170657410282229,0.0080586016585209,0.0026862005528403,0.00619438958283745,"(-Fe)"
"247","pyrE(-Fe)","H26","pyrE","(-Fe)",58.0016666666667,9,0.171169268061037,0.00811954756993227,0.00270651585664409,0.00624123675741691,"(-Fe)"
"248","pyrE(-Fe)","H26","pyrE","(-Fe)",58.5016666666667,9,0.1716690023327,0.00817981750780917,0.00272660583593639,0.00628756433274112,"(-Fe)"
"249","pyrE(-Fe)","H26","pyrE","(-Fe)",59.0016666666667,9,0.172156856031061,0.00823940067001228,0.00274646689000409,0.00633336400555077,"(-Fe)"
"250","pyrE(-Fe)","H26","pyrE","(-Fe)",59.5016666666667,9,0.17263306947234,0.008298287183397,0.002766095727799,0.00637862818667507,"(-Fe)"
"251","pyrE(-Fe)","H26","pyrE","(-Fe)",60.0016666666667,9,0.173097880259184,0.00835646808350219,0.0027854893611674,0.00642334998541922,"(-Fe)"
"252","pyrE(-Fe)","H26","pyrE","(-Fe)",60.5016666666667,9,0.17355152319312,0.00841393529293454,0.00280464509764485,0.00646752319294911,"(-Fe)"
"253","pyrE(-Fe)","H26","pyrE","(-Fe)",61.0016666666667,9,0.173994230195079,0.00847068159863234,0.00282356053287745,0.00651114226481467,"(-Fe)"
"254","pyrE(-Fe)","H26","pyrE","(-Fe)",61.5016666666667,9,0.174426230233636,0.00852670062818009,0.0028422335427267,0.00655420230274375,"(-Fe)"
"255","pyrE(-Fe)","H26","pyrE","(-Fe)",62.0016666666667,9,0.174847749260663,0.00858198682533458,0.00286066227511153,0.00659669903582974,"(-Fe)"
"256","pyrE(-Fe)","H26","pyrE","(-Fe)",62.5016666666667,9,0.175259010154048,0.00863653542491044,0.00287884514163681,0.00663862880122691,"(-Fe)"
"257","pyrE(-Fe)","H26","pyrE","(-Fe)",63.0016666666667,9,0.175660232667164,0.00869034242716242,0.00289678080905414,0.00667998852445891,"(-Fe)"
"258","pyrE(-Fe)","H26","pyrE","(-Fe)",63.5016666666667,9,0.176051633384791,0.00874340457179207,0.00291446819059736,0.00672077569943851,"(-Fe)"
"259","pyrE(-Fe)","H26","pyrE","(-Fe)",64.0016666666667,9,0.176433425685157,0.00879571931169447,0.00293190643723149,0.00676098836828753,"(-Fe)"
"260","pyrE(-Fe)","H26","pyrE","(-Fe)",64.5016666666667,9,0.176805819707824,0.00884728478655291,0.00294909492885097,0.00680062510103997,"(-Fe)"
"261","pyrE(100Fe)","H26","pyrE","(100Fe)",0,9,0,0,0,0,"(100Fe)"
"262","pyrE(100Fe)","H26","pyrE","(100Fe)",0.501666666666667,9,0.00248566419426168,7.34715405081322e-05,2.44905135027107e-05,5.64752254105244e-05,"(100Fe)"
"263","pyrE(100Fe)","H26","pyrE","(100Fe)",1.00166666666667,9,0.0049970978792851,0.000154077042500623,5.13590141668744e-05,0.000118434099048822,"(100Fe)"
"264","pyrE(100Fe)","H26","pyrE","(100Fe)",1.50166666666667,9,0.00754133892345697,0.000242632622774783,8.08775409249278e-05,0.000186503943818028,"(100Fe)"
"265","pyrE(100Fe)","H26","pyrE","(100Fe)",2.00166666666667,9,0.010117144429909,0.000339609201637778,0.000113203067212593,0.000261046741110034,"(100Fe)"
"266","pyrE(100Fe)","H26","pyrE","(100Fe)",2.50166666666667,9,0.0127231921915199,0.00044537519115362,0.000148458397051207,0.000342345677505865,"(100Fe)"
"267","pyrE(100Fe)","H26","pyrE","(100Fe)",3.00166666666667,9,0.0153580823516116,0.000560206292455994,0.000186735430818665,0.000430612675656972,"(100Fe)"
"268","pyrE(100Fe)","H26","pyrE","(100Fe)",3.50166666666667,9,0.0180203394538468,0.000684294433843054,0.000228098144614351,0.000525995264713092,"(100Fe)"
"269","pyrE(100Fe)","H26","pyrE","(100Fe)",4.00166666666667,9,0.020708414883022,0.000817755652559188,0.000272585217519729,0.000628582638796023,"(100Fe)"
"270","pyrE(100Fe)","H26","pyrE","(100Fe)",4.50166666666667,9,0.0234206896953097,0.000960636921472895,0.000320212307157632,0.000738410904448765,"(100Fe)"
"271","pyrE(100Fe)","H26","pyrE","(100Fe)",5.00166666666667,9,0.0261554778332412,0.00111292202527631,0.000370974008425437,0.000855467597482324,"(100Fe)"
"272","pyrE(100Fe)","H26","pyrE","(100Fe)",5.50166666666667,9,0.0289110297173548,0.00127453663427619,0.000424845544758731,0.0009796955830367,"(100Fe)"
"273","pyrE(100Fe)","H26","pyrE","(100Fe)",6.00166666666667,9,0.0316855362030278,0.00144535273240476,0.000481784244134921,0.00111099645925134,"(100Fe)"
"274","pyrE(100Fe)","H26","pyrE","(100Fe)",6.50166666666667,9,0.0344771328875873,0.00162519254618395,0.000541730848727984,0.00124923357733439,"(100Fe)"
"275","pyrE(100Fe)","H26","pyrE","(100Fe)",7.00166666666667,9,0.0372839047494119,0.00181383210305118,0.00060461070101706,0.00139423477673403,"(100Fe)"
"276","pyrE(100Fe)","H26","pyrE","(100Fe)",7.50166666666667,9,0.0401038910974387,0.00201100452643195,0.000670334842143982,0.00154579491795545,"(100Fe)"
"277","pyrE(100Fe)","H26","pyrE","(100Fe)",8.00166666666667,9,0.0429350908063226,0.00221640315425088,0.00073880105141696,0.0017036782796607,"(100Fe)"
"278","pyrE(100Fe)","H26","pyrE","(100Fe)",8.50166666666667,9,0.0457754678095109,0.00242968454865286,0.000809894849550955,0.00186762087214506,"(100Fe)"
"279","pyrE(100Fe)","H26","pyrE","(100Fe)",9.00166666666667,9,0.0486229568197337,0.00265047144809657,0.000883490482698858,0.00203733270651709,"(100Fe)"
"280","pyrE(100Fe)","H26","pyrE","(100Fe)",9.50166666666667,9,0.0514754692439251,0.00287835569876074,0.000959451899586914,0.00221250004797692,"(100Fe)"
"281","pyrE(100Fe)","H26","pyrE","(100Fe)",10.0016666666667,9,0.0543308992574069,0.0031129011902165,0.00103763373007217,0.00239278767237374,"(100Fe)"
"282","pyrE(100Fe)","H26","pyrE","(100Fe)",10.5016666666667,9,0.0571871300003392,0.00335364681032964,0.00111788227010988,0.0025778411375448,"(100Fe)"
"283","pyrE(100Fe)","H26","pyrE","(100Fe)",11.0016666666667,9,0.0600420398579883,0.00360010942611177,0.00120003647537059,0.00276728907460041,"(100Fe)"
"284","pyrE(100Fe)","H26","pyrE","(100Fe)",11.5016666666667,9,0.0628935087853145,0.00385178689049935,0.00128392896349978,0.0029607454991389,"(100Fe)"
"285","pyrE(100Fe)","H26","pyrE","(100Fe)",12.0016666666667,9,0.0657394246357586,0.00410816106960219,0.00136938702320073,0.0031578121381958,"(100Fe)"
"286","pyrE(100Fe)","H26","pyrE","(100Fe)",12.5016666666667,9,0.0685776894539205,0.00436870088064634,0.00145623362688211,0.00335808076541351,"(100Fe)"
"287","pyrE(100Fe)","H26","pyrE","(100Fe)",13.0016666666667,9,0.0714062256920734,0.00463286532750315,0.00154428844250105,0.00356113553435542,"(100Fe)"
"288","pyrE(100Fe)","H26","pyrE","(100Fe)",13.5016666666667,9,0.0742229823111546,0.00490010651821821,0.00163336883940607,0.00376655529798403,"(100Fe)"
"289","pyrE(100Fe)","H26","pyrE","(100Fe)",14.0016666666667,9,0.0770259407279962,0.00516987264723334,0.00172329088241111,0.00397391590099966,"(100Fe)"
"290","pyrE(100Fe)","H26","pyrE","(100Fe)",14.5016666666667,9,0.0798131205720936,0.00544161092394617,0.00181387030798206,0.00418279243093068,"(100Fe)"
"291","pyrE(100Fe)","H26","pyrE","(100Fe)",15.0016666666667,9,0.0825825852171393,0.00571477042879369,0.00190492347626456,0.00439276141351358,"(100Fe)"
"292","pyrE(100Fe)","H26","pyrE","(100Fe)",15.5016666666667,9,0.0853324470548323,0.00598880487811636,0.00199626829270545,0.00460340293795574,"(100Fe)"
"293","pyrE(100Fe)","H26","pyrE","(100Fe)",16.0016666666667,9,0.0880608724810849,0.00626317527958903,0.00208772509319634,0.00481430269808027,"(100Fe)"
"294","pyrE(100Fe)","H26","pyrE","(100Fe)",16.5016666666667,9,0.0907660865676427,0.00653735246093665,0.00217911748697888,0.00502505393606902,"(100Fe)"
"295","pyrE(100Fe)","H26","pyrE","(100Fe)",17.0016666666667,9,0.0934463773952649,0.00681081945592743,0.00227027315197581,0.00523525927649922,"(100Fe)"
"296","pyrE(100Fe)","H26","pyrE","(100Fe)",17.5016666666667,9,0.0961001000279378,0.00708307373319799,0.00236102457773266,0.00544453243957019,"(100Fe)"
"297","pyrE(100Fe)","H26","pyrE","(100Fe)",18.0016666666667,9,0.0987256801110618,0.00735362925525795,0.00245120975175265,0.00565249982379439,"(100Fe)"
"298","pyrE(100Fe)","H26","pyrE","(100Fe)",18.5016666666667,9,0.101321617080109,0.00762201835699359,0.00254067278566453,0.00585880194994309,"(100Fe)"
"299","pyrE(100Fe)","H26","pyrE","(100Fe)",19.0016666666667,9,0.103886486969852,0.00788779343508843,0.00262926447836281,0.00606309475965006,"(100Fe)"
"300","pyrE(100Fe)","H26","pyrE","(100Fe)",19.5016666666667,9,0.106418944817853,0.00815052844195398,0.00271684281398466,0.00626505076374835,"(100Fe)"
"301","pyrE(100Fe)","H26","pyrE","(100Fe)",20.0016666666667,9,0.108917726659446,0.00840982017996956,0.00280327339332319,0.00646436003711108,"(100Fe)"
"302","pyrE(100Fe)","H26","pyrE","(100Fe)",20.5016666666667,9,0.111381651114869,0.00866528939402269,0.00288842979800756,0.00666073105845237,"(100Fe)"
"303","pyrE(100Fe)","H26","pyrE","(100Fe)",21.0016666666667,9,0.113809620572516,0.00891658166248003,0.00297219388749334,0.00685389139518819,"(100Fe)"
"304","pyrE(100Fe)","H26","pyrE","(100Fe)",21.5016666666667,9,0.116200621975385,0.00916336808876879,0.0030544560295896,0.00704358823503291,"(100Fe)"
"305","pyrE(100Fe)","H26","pyrE","(100Fe)",22.0016666666667,9,0.118553727220707,0.0094053457976779,0.00313511526589263,0.00722958876749012,"(100Fe)"
"306","pyrE(100Fe)","H26","pyrE","(100Fe)",22.5016666666667,9,0.120868093185408,0.00964223824227005,0.00321407941409002,0.00741168041976616,"(100Fe)"
"307","pyrE(100Fe)","H26","pyrE","(100Fe)",23.0016666666667,9,0.123142961392487,0.00987379532890932,0.00329126510963644,0.00758967095287482,"(100Fe)"
"308","pyrE(100Fe)","H26","pyrE","(100Fe)",23.5016666666667,9,0.125377657335493,0.0100997933693381,0.00336659778977936,0.0077633884248004,"(100Fe)"
"309","pyrE(100Fe)","H26","pyrE","(100Fe)",24.0016666666667,9,0.127571589480147,0.0103200348699667,0.00344001162332225,0.0079326810285315,"(100Fe)"
"310","pyrE(100Fe)","H26","pyrE","(100Fe)",24.5016666666667,9,0.129724247963727,0.0105343481695689,0.00351144938985631,0.0080974168135688,"(100Fe)"
"311","pyrE(100Fe)","H26","pyrE","(100Fe)",25.0016666666667,9,0.13183520301405,0.0107425869373945,0.00358086231246482,0.00825748330014064,"(100Fe)"
"312","pyrE(100Fe)","H26","pyrE","(100Fe)",25.5016666666667,9,0.133904103110879,0.0109446295443294,0.00364820984810979,0.00841278699583374,"(100Fe)"
"313","pyrE(100Fe)","H26","pyrE","(100Fe)",26.0016666666667,9,0.13593067291326,0.0111403783201492,0.00371345944004974,0.00856325282466765,"(100Fe)"
"314","pyrE(100Fe)","H26","pyrE","(100Fe)",26.5016666666667,9,0.137914710976691,0.0113297587101379,0.00377658623671262,0.00870882347881445,"(100Fe)"
"315","pyrE(100Fe)","H26","pyrE","(100Fe)",27.0016666666667,9,0.139856087284181,0.0115127183443922,0.00383757278146407,0.00884945870320311,"(100Fe)"
"316","pyrE(100Fe)","H26","pyrE","(100Fe)",27.5016666666667,9,0.141754740615168,0.011689226033014,0.00389640867767134,0.00898513452315552,"(100Fe)"
"317","pyrE(100Fe)","H26","pyrE","(100Fe)",28.0016666666667,9,0.143610675775938,0.0118592707001231,0.00395309023337436,0.00911584242499647,"(100Fe)"
"318","pyrE(100Fe)","H26","pyrE","(100Fe)",28.5016666666667,9,0.145423960714685,0.012022860269224,0.00400762008974133,0.00924158849927081,"(100Fe)"
"319","pyrE(100Fe)","H26","pyrE","(100Fe)",29.0016666666667,9,0.147194723543646,0.0121800205119436,0.00406000683731453,0.00936239255580449,"(100Fe)"
"320","pyrE(100Fe)","H26","pyrE","(100Fe)",29.5016666666667,9,0.148923149489896,0.0123307938715395,0.00411026462384649,0.00947828721937339,"(100Fe)"
"321","pyrE(100Fe)","H26","pyrE","(100Fe)",30.0016666666667,9,0.150609477795409,0.0124752382718883,0.0041584127572961,0.00958931701421057,"(100Fe)"
"322","pyrE(100Fe)","H26","pyrE","(100Fe)",30.5016666666667,9,0.152253998585887,0.0126134259219043,0.00420447530730142,0.00969553744500089,"(100Fe)"
"323","pyrE(100Fe)","H26","pyrE","(100Fe)",31.0016666666667,9,0.153857049726671,0.0127454421245351,0.00424848070817836,0.00979701408139441,"(100Fe)"
"324","pyrE(100Fe)","H26","pyrE","(100Fe)",31.5016666666667,9,0.155419013682814,0.0128713840986522,0.0042904613662174,0.00989382165243104,"(100Fe)"
"325","pyrE(100Fe)","H26","pyrE","(100Fe)",32.0016666666667,9,0.15694031439906,0.0129913598213012,0.00433045327376705,0.00998604315661524,"(100Fe)"
"326","pyrE(100Fe)","H26","pyrE","(100Fe)",32.5016666666667,9,0.1584214142142,0.0131054868969283,0.00436849563230942,0.0100737689927269,"(100Fe)"
"327","pyrE(100Fe)","H26","pyrE","(100Fe)",33.0016666666667,9,0.159862810822859,0.0132138914593582,0.00440463048645273,0.0101570961158063,"(100Fe)"
"328","pyrE(100Fe)","H26","pyrE","(100Fe)",33.5016666666667,9,0.16126503429651,0.0133167071114745,0.00443890237049151,0.010236127222121,"(100Fe)"
"329","pyrE(100Fe)","H26","pyrE","(100Fe)",34.0016666666667,9,0.162628644174129,0.0134140739067625,0.00447135796892083,0.0103109699663095,"(100Fe)"
"330","pyrE(100Fe)","H26","pyrE","(100Fe)",34.5016666666667,9,0.163954226631653,0.0135061373761144,0.00450204579203813,0.0103817362133184,"(100Fe)"
"331","pyrE(100Fe)","H26","pyrE","(100Fe)",35.0016666666667,9,0.165242391738135,0.0135930476025829,0.00453101586752763,0.0104485413271944,"(100Fe)"
"332","pyrE(100Fe)","H26","pyrE","(100Fe)",35.5016666666667,9,0.166493770805298,0.0136749583460969,0.00455831944869898,0.0105115034982814,"(100Fe)"
"333","pyrE(100Fe)","H26","pyrE","(100Fe)",36.0016666666667,9,0.167709013836049,0.0137520262195351,0.00458400873984502,0.0105707431098947,"(100Fe)"
"334","pyrE(100Fe)","H26","pyrE","(100Fe)",36.5016666666667,9,0.168888787076415,0.0138244099169817,0.00460813663899391,0.0106263821451058,"(100Fe)"
"335","pyrE(100Fe)","H26","pyrE","(100Fe)",37.0016666666667,9,0.170033770674375,0.0138922694944773,0.00463075649815909,0.0106785436338784,"(100Fe)"
"336","pyrE(100Fe)","H26","pyrE","(100Fe)",37.5016666666667,9,0.171144656448101,0.0139557657031085,0.00465192190103617,0.0107273511404362,"(100Fe)"
"337","pyrE(100Fe)","H26","pyrE","(100Fe)",38.0016666666667,9,0.172222145765238,0.0140150593738772,0.00467168645795908,0.0107729282904309,"(100Fe)"
"338","pyrE(100Fe)","H26","pyrE","(100Fe)",38.5016666666667,9,0.173266947534077,0.0140703108534244,0.00469010361780813,0.0108153983372016,"(100Fe)"
"339","pyrE(100Fe)","H26","pyrE","(100Fe)",39.0016666666667,9,0.174279776306728,0.0141216794893777,0.00470722649645922,0.0108548837661776,"(100Fe)"
"340","pyrE(100Fe)","H26","pyrE","(100Fe)",39.5016666666667,9,0.175261350493734,0.0141693231638276,0.00472310772127585,0.0108915059362768,"(100Fe)"
"341","pyrE(100Fe)","H26","pyrE","(100Fe)",40.0016666666667,9,0.176212390689006,0.0142133978732183,0.00473779929107275,0.0109253847569811,"(100Fe)"
"342","pyrE(100Fe)","H26","pyrE","(100Fe)",40.5016666666667,9,0.177133618103411,0.0142540573527617,0.00475135245092058,0.0109566383996353,"(100Fe)"
"343","pyrE(100Fe)","H26","pyrE","(100Fe)",41.0016666666667,9,0.178025753104892,0.0142914527433454,0.00476381758111513,0.0109853830414098,"(100Fe)"
"344","pyrE(100Fe)","H26","pyrE","(100Fe)",41.5016666666667,9,0.178889513862622,0.0143257322987993,0.00477524409959977,0.0110117326402864,"(100Fe)"
"345","pyrE(100Fe)","H26","pyrE","(100Fe)",42.0016666666667,9,0.179725615092327,0.0143570411313163,0.00478568037710545,0.0110357987393706,"(100Fe)"
"346","pyrE(100Fe)","H26","pyrE","(100Fe)",42.5016666666667,9,0.180534766899657,0.0143855209927756,0.00479517366425854,0.0110576902988023,"(100Fe)"
"347","pyrE(100Fe)","H26","pyrE","(100Fe)",43.0016666666667,9,0.181317673718232,0.0144113100897014,0.00480377002990048,0.0110775135535203,"(100Fe)"
"348","pyrE(100Fe)","H26","pyrE","(100Fe)",43.5016666666667,9,0.182075033338806,0.0144345429295941,0.0048115143098647,0.011095371895142,"(100Fe)"
"349","pyrE(100Fe)","H26","pyrE","(100Fe)",44.0016666666667,9,0.182807536025866,0.0144553501963925,0.00481845006546417,0.0111113657762352,"(100Fe)"
"350","pyrE(100Fe)","H26","pyrE","(100Fe)",44.5016666666667,9,0.183515863717854,0.0144738586528694,0.00482461955095646,0.0111255926352925,"(100Fe)"
"351","pyrE(100Fe)","H26","pyrE","(100Fe)",45.0016666666667,9,0.184200689307153,0.0144901910678133,0.00483006368927111,0.0111381468407587,"(100Fe)"
"352","pyrE(100Fe)","H26","pyrE","(100Fe)",45.5016666666667,9,0.184862675995931,0.0145044661659205,0.00483482205530683,0.0111491196525138,"(100Fe)"
"353","pyrE(100Fe)","H26","pyrE","(100Fe)",46.0016666666667,9,0.185502476723927,0.0145167985983912,0.0048389328661304,0.0111585991992721,"(100Fe)"
"354","pyrE(100Fe)","H26","pyrE","(100Fe)",46.5016666666667,9,0.186120733664295,0.0145272989323134,0.00484243297743781,0.0111666704704206,"(100Fe)"
"355","pyrE(100Fe)","H26","pyrE","(100Fe)",47.0016666666667,9,0.18671807778365,0.014536073657001,0.00484535788566701,0.0111734153208922,"(100Fe)"
"356","pyrE(100Fe)","H26","pyrE","(100Fe)",47.5016666666667,9,0.18729512846252,0.01454322520555,0.00484774173518333,0.0111789124877346,"(100Fe)"
"357","pyrE(100Fe)","H26","pyrE","(100Fe)",48.0016666666667,9,0.187852493172492,0.01454885198997,0.00484961732999,0.0111832376171147,"(100Fe)"
"358","pyrE(100Fe)","H26","pyrE","(100Fe)",48.5016666666667,9,0.188390767206417,0.0145530484483461,0.00485101614944871,0.0111864633005709,"(100Fe)"
"359","pyrE(100Fe)","H26","pyrE","(100Fe)",49.0016666666667,9,0.188910533458164,0.0145559051025832,0.00485196836752774,0.0111886591193988,"(100Fe)"
"360","pyrE(100Fe)","H26","pyrE","(100Fe)",49.5016666666667,9,0.189412362248496,0.0145575086253806,0.00485250287512686,0.0111898916961326,"(100Fe)"
"361","pyrE(100Fe)","H26","pyrE","(100Fe)",50.0016666666667,9,0.189896811193781,0.0145579419151812,0.00485264730506039,0.0111902247521566,"(100Fe)"
"362","pyrE(100Fe)","H26","pyrE","(100Fe)",50.5016666666667,9,0.190364425114373,0.014557284177931,0.00485242805931033,0.0111897191705504,"(100Fe)"
"363","pyrE(100Fe)","H26","pyrE","(100Fe)",51.0016666666667,9,0.190815735979614,0.0145556110145756,0.00485187033819186,0.0111884330633449,"(100Fe)"
"364","pyrE(100Fe)","H26","pyrE","(100Fe)",51.5016666666667,9,0.191251262886567,0.0145529945133064,0.00485099817110213,0.0111864218424294,"(100Fe)"
"365","pyrE(100Fe)","H26","pyrE","(100Fe)",52.0016666666667,9,0.191671512069695,0.0145495033456534,0.00484983444855112,0.0111837382934145,"(100Fe)"
"366","pyrE(100Fe)","H26","pyrE","(100Fe)",52.5016666666667,9,0.192076976938857,0.0145452028656009,0.0048484009552003,0.0111804326518197,"(100Fe)"
"367","pyrE(100Fe)","H26","pyrE","(100Fe)",53.0016666666667,9,0.192468138143119,0.0145401552109775,0.00484671840365915,0.0111765526810081,"(100Fe)"
"368","pyrE(100Fe)","H26","pyrE","(100Fe)",53.5016666666667,9,0.192845463658004,0.0145344194064434,0.00484480646881446,0.01117214375135,"(100Fe)"
"369","pyrE(100Fe)","H26","pyrE","(100Fe)",54.0016666666667,9,0.19320940889396,0.014528051467467,0.004842683822489,0.011167248920146,"(100Fe)"
"370","pyrE(100Fe)","H26","pyrE","(100Fe)",54.5016666666667,9,0.193560416823921,0.0145211045047425,0.0048403681682475,0.0111619090118893,"(100Fe)"
"371","pyrE(100Fe)","H26","pyrE","(100Fe)",55.0016666666667,9,0.193898918127988,0.0145136288285637,0.0048378762761879,0.0111561626984954,"(100Fe)"
"372","pyrE(100Fe)","H26","pyrE","(100Fe)",55.5016666666667,9,0.194225331353368,0.0145056720527205,0.00483522401757349,0.011150046579163,"(100Fe)"
"373","pyrE(100Fe)","H26","pyrE","(100Fe)",56.0016666666667,9,0.194540063087831,0.0144972791975381,0.00483242639917937,0.0111435952595774,"(100Fe)"
"374","pyrE(100Fe)","H26","pyrE","(100Fe)",56.5016666666667,9,0.194843508145054,0.0144884927917255,0.00482949759724183,0.0111368414301982,"(100Fe)"
"375","pyrE(100Fe)","H26","pyrE","(100Fe)",57.0016666666667,9,0.195136049760335,0.0144793529727422,0.00482645099091408,0.0111298159434081,"(100Fe)"
"376","pyrE(100Fe)","H26","pyrE","(100Fe)",57.5016666666667,9,0.19541805979527,0.0144698975854354,0.00482329919514515,0.0111225478893316,"(100Fe)"
"377","pyrE(100Fe)","H26","pyrE","(100Fe)",58.0016666666667,9,0.195689898950078,0.0144601622787324,0.00482005409291081,0.0111150646701601,"(100Fe)"
"378","pyrE(100Fe)","H26","pyrE","(100Fe)",58.5016666666667,9,0.195951916982361,0.0144501806002098,0.00481672686673661,0.0111073920728436,"(100Fe)"
"379","pyrE(100Fe)","H26","pyrE","(100Fe)",59.0016666666667,9,0.196204452931172,0.014439984088391,0.00481332802946366,0.0110995543400373,"(100Fe)"
"380","pyrE(100Fe)","H26","pyrE","(100Fe)",59.5016666666667,9,0.196447835345363,0.0144296023626483,0.00480986745421611,0.0110915742392063,"(100Fe)"
"381","pyrE(100Fe)","H26","pyrE","(100Fe)",60.0016666666667,9,0.196682382515257,0.0144190632106166,0.00480635440353885,0.0110834731298173,"(100Fe)"
"382","pyrE(100Fe)","H26","pyrE","(100Fe)",60.5016666666667,9,0.196908402706761,0.0144083926730406,0.00480279755768021,0.011075271028559,"(100Fe)"
"383","pyrE(100Fe)","H26","pyrE","(100Fe)",61.0016666666667,9,0.197126194397132,0.014397615126006,0.004799205042002,0.0110669866725493,"(100Fe)"
"384","pyrE(100Fe)","H26","pyrE","(100Fe)",61.5016666666667,9,0.197336046511659,0.0143867533605153,0.0047955844535051,0.0110586375805036,"(100Fe)"
"385","pyrE(100Fe)","H26","pyrE","(100Fe)",62.0016666666667,9,0.197538238660583,0.0143758286593907,0.00479194288646358,0.0110502401118472,"(100Fe)"
"386","pyrE(100Fe)","H26","pyrE","(100Fe)",62.5016666666667,9,0.197733041375673,0.0143648608714982,0.00478828695716606,0.0110418095237691,"(100Fe)"
"387","pyrE(100Fe)","H26","pyrE","(100Fe)",63.0016666666667,9,0.197920716345889,0.0143538684832983,0.00478462282776609,0.0110333600262209,"(100Fe)"
"388","pyrE(100Fe)","H26","pyrE","(100Fe)",63.5016666666667,9,0.198101516651646,0.0143428686877439,0.00478095622924796,0.0110249048348759,"(100Fe)"
"389","pyrE(100Fe)","H26","pyrE","(100Fe)",64.0016666666667,9,0.198275686997239,0.0143318774505501,0.00477729248351669,0.0110164562220693,"(100Fe)"
"390","pyrE(100Fe)","H26","pyrE","(100Fe)",64.5016666666667,9,0.198443463941023,0.0143209095738731,0.00477363652462437,0.0110080255657454,"(100Fe)"
"391","pyrE(10Fe)","H26","pyrE","(10Fe)",0,9,0,0,0,0,"(10Fe)"
"392","pyrE(10Fe)","H26","pyrE","(10Fe)",0.501666666666667,9,0.00264172560000754,0.000125374732537405,4.17915775124684e-05,9.63715505604575e-05,"(10Fe)"
"393","pyrE(10Fe)","H26","pyrE","(10Fe)",1.00166666666667,9,0.00531058454157566,0.000255764169826206,8.5254723275402e-05,0.000196597744418764,"(10Fe)"
"394","pyrE(10Fe)","H26","pyrE","(10Fe)",1.50166666666667,9,0.00801390263309129,0.000391700626968688,0.000130566875656229,0.000301087755183953,"(10Fe)"
"395","pyrE(10Fe)","H26","pyrE","(10Fe)",2.00166666666667,9,0.0107502013516935,0.000533293569586053,0.000177764523195351,0.000409925725581076,"(10Fe)"
"396","pyrE(10Fe)","H26","pyrE","(10Fe)",2.50166666666667,9,0.0135179153306437,0.000680636078982278,0.000226878692994093,0.000523183204234094,"(10Fe)"
"397","pyrE(10Fe)","H26","pyrE","(10Fe)",3.00166666666667,9,0.0163153950200559,0.000833803781977326,0.000277934593992442,0.000640918323062862,"(10Fe)"
"398","pyrE(10Fe)","H26","pyrE","(10Fe)",3.50166666666667,9,0.0191409097970322,0.000992853897752634,0.000330951299250878,0.000763175064623716,"(10Fe)"
"399","pyrE(10Fe)","H26","pyrE","(10Fe)",4.00166666666667,9,0.0219926515189094,0.00115782441206983,0.000385941470689942,0.000889982627357784,"(10Fe)"
"400","pyrE(10Fe)","H26","pyrE","(10Fe)",4.50166666666667,9,0.024868738509422,0.00132873338785151,0.000442911129283838,0.00102135489565648,"(10Fe)"
"401","pyrE(10Fe)","H26","pyrE","(10Fe)",5.00166666666667,9,0.0277672199636727,0.0015055784196325,0.000501859473210832,0.00115729002051556,"(10Fe)"
"402","pyrE(10Fe)","H26","pyrE","(10Fe)",5.50166666666667,9,0.0306860807539024,0.00168833623781108,0.000562778745937028,0.0012977701153358,"(10Fe)"
"403","pyrE(10Fe)","H26","pyrE","(10Fe)",6.00166666666667,9,0.0336232466142338,0.00187696246697541,0.000625654155658469,0.0014427610701561,"(10Fe)"
"404","pyrE(10Fe)","H26","pyrE","(10Fe)",6.50166666666667,9,0.0365765896788764,0.00207139154086351,0.000690463846954504,0.00159221248628606,"(10Fe)"
"405","pyrE(10Fe)","H26","pyrE","(10Fe)",7.00166666666667,9,0.0395439343447715,0.00227153677476553,0.000757178924921843,0.00174605773195921,"(10Fe)"
"406","pyrE(10Fe)","H26","pyrE","(10Fe)",7.50166666666667,9,0.0425230634263881,0.00247729059440892,0.000825763531469641,0.00190421411826979,"(10Fe)"
"407","pyrE(10Fe)","H26","pyrE","(10Fe)",8.00166666666667,9,0.0455117245673883,0.0026885249186149,0.000896174972871633,0.00206658319330847,"(10Fe)"
"408","pyrE(10Fe)","H26","pyrE","(10Fe)",8.50166666666667,9,0.0485076368712212,0.00290509169129649,0.000968363897098829,0.00223305115109232,"(10Fe)"
"409","pyrE(10Fe)","H26","pyrE","(10Fe)",9.00166666666667,9,0.051508497710413,0.00312682355671469,0.0010422745189049,0.00240348935061263,"(10Fe)"
"410","pyrE(10Fe)","H26","pyrE","(10Fe)",9.50166666666667,9,0.0545119896724331,0.00335353467034754,0.00111784489011585,0.00257775493912399,"(10Fe)"
"411","pyrE(10Fe)","H26","pyrE","(10Fe)",10.0016666666667,9,0.0575157875985651,0.00358502163627549,0.00119500721209183,0.00275569157268256,"(10Fe)"
"412","pyrE(10Fe)","H26","pyrE","(10Fe)",10.5016666666667,9,0.0605175656712173,0.00382106456067864,0.00127368818689288,0.00293713022593568,"(10Fe)"
"413","pyrE(10Fe)","H26","pyrE","(10Fe)",11.0016666666667,9,0.0635150045045877,0.00406142820988712,0.00135380940329571,0.00312189008227818,"(10Fe)"
"414","pyrE(10Fe)","H26","pyrE","(10Fe)",11.5016666666667,9,0.0665057981935618,0.00430586326045301,0.00143528775348434,0.00330977949474278,"(10Fe)"
"415","pyrE(10Fe)","H26","pyrE","(10Fe)",12.0016666666667,9,0.069487661276167,0.00455410762792762,0.00151803587597587,0.00350059700738864,"(10Fe)"
"416","pyrE(10Fe)","H26","pyrE","(10Fe)",12.5016666666667,9,0.072458335565831,0.00480588786044696,0.00160196262014899,0.00369413242650606,"(10Fe)"
"417","pyrE(10Fe)","H26","pyrE","(10Fe)",13.0016666666667,9,0.075415596811076,0.00506092058285364,0.00168697352761788,0.00389016793066679,"(10Fe)"
"418","pyrE(10Fe)","H26","pyrE","(10Fe)",13.5016666666667,9,0.0783572611421037,0.00531891397692101,0.00177297132564034,0.00408847920852503,"(10Fe)"
"419","pyrE(10Fe)","H26","pyrE","(10Fe)",14.0016666666667,9,0.0812811912659637,0.00557956928328701,0.00185985642776234,0.00428883661330599,"(10Fe)"
"420","pyrE(10Fe)","H26","pyrE","(10Fe)",14.5016666666667,9,0.08418530237461,0.00584258231095191,0.00194752743698397,0.0044910063231086,"(10Fe)"
"421","pyrE(10Fe)","H26","pyrE","(10Fe)",15.0016666666667,9,0.0870675677330965,0.00610764494062623,0.00203588164687541,0.00469475149648097,"(10Fe)"
"422","pyrE(10Fe)","H26","pyrE","(10Fe)",15.5016666666667,9,0.0899260239184049,0.00637444660882678,0.00212481553627559,0.00489983341319758,"(10Fe)"
"423","pyrE(10Fe)","H26","pyrE","(10Fe)",16.0016666666667,9,0.0927587756828787,0.00664267576038653,0.00221422525346218,0.00510601259075727,"(10Fe)"
"424","pyrE(10Fe)","H26","pyrE","(10Fe)",16.5016666666667,9,0.0955640004199122,0.00691202125795051,0.0023040070859835,0.00531304986781766,"(10Fe)"
"425","pyrE(10Fe)","H26","pyrE","(10Fe)",17.0016666666667,9,0.0983399522133543,0.0071821737380538,0.0023940579126846,0.00552070744656894,"(10Fe)"
"426","pyrE(10Fe)","H26","pyrE","(10Fe)",17.5016666666667,9,0.101084965455987,0.00745282690449185,0.00248427563483062,0.00572874988690635,"(10Fe)"
"427","pyrE(10Fe)","H26","pyrE","(10Fe)",18.0016666666667,9,0.103797458026367,0.00772367875087969,0.00257455958362656,0.00593694504617237,"(10Fe)"
"428","pyrE(10Fe)","H26","pyrE","(10Fe)",18.5016666666667,9,0.10647593401723,0.0079944327055243,0.00266481090184143,0.00614506495918349,"(10Fe)"
"429","pyrE(10Fe)","H26","pyrE","(10Fe)",19.0016666666667,9,0.109118986012505,0.00826479869298589,0.00275493289766197,0.00635288665421849,"(10Fe)"
"430","pyrE(10Fe)","H26","pyrE","(10Fe)",19.5016666666667,9,0.111725296913697,0.00853449410795109,0.00284483136931703,0.0065601929016036,"(10Fe)"
"431","pyrE(10Fe)","H26","pyrE","(10Fe)",20.0016666666667,9,0.114293641320002,0.00880324469826808,0.00293441489942269,0.00676677289247344,"(10Fe)"
"432","pyrE(10Fe)","H26","pyrE","(10Fe)",20.5016666666667,9,0.116822886469846,0.00907078535517742,0.00302359511839247,0.00697242284619617,"(10Fe)"
"433","pyrE(10Fe)","H26","pyrE","(10Fe)",21.0016666666667,9,0.11931199275474,0.0093368608098981,0.0031122869366327,0.00717694654581691,"(10Fe)"
"434","pyrE(10Fe)","H26","pyrE","(10Fe)",21.5016666666667,9,0.121760013819185,0.00960122623678125,0.00320040874559375,0.00738015580168277,"(10Fe)"
"435","pyrE(10Fe)","H26","pyrE","(10Fe)",22.0016666666667,9,0.124166096263018,0.00986364776421265,0.00328788258807088,0.00758187084415724,"(10Fe)"
"436","pyrE(10Fe)","H26","pyrE","(10Fe)",22.5016666666667,9,0.126529478964881,0.0101239028953195,0.00337463429843983,0.00778192064700406,"(10Fe)"
"437","pyrE(10Fe)","H26","pyrE","(10Fe)",23.0016666666667,9,0.128849492047502,0.0103817808413127,0.0034605936137709,0.00798014318361681,"(10Fe)"
"438","pyrE(10Fe)","H26","pyrE","(10Fe)",23.5016666666667,9,0.131125555507207,0.0106370827709673,0.00354569425698911,0.00817638561878654,"(10Fe)"
"439","pyrE(10Fe)","H26","pyrE","(10Fe)",24.0016666666667,9,0.133357177531417,0.0108896219803102,0.00362987399343674,0.00837050443913518,"(10Fe)"
"440","pyrE(10Fe)","H26","pyrE","(10Fe)",24.5016666666667,9,0.135543952528997,0.0111392239870473,0.00371307466234911,0.00856236552569887,"(10Fe)"
"441","pyrE(10Fe)","H26","pyrE","(10Fe)",25.0016666666667,9,0.137685558899058,0.011385726554624,0.00379524218487468,0.0087518441724223,"(10Fe)"
"442","pyrE(10Fe)","H26","pyrE","(10Fe)",25.5016666666667,9,0.139781756564312,0.0116289796510772,0.00387632655035906,0.0089388250545297,"(10Fe)"
"443","pyrE(10Fe)","H26","pyrE","(10Fe)",26.0016666666667,9,0.141832384295253,0.0118688453480116,0.00395628178267054,0.00912320215087118,"(10Fe)"
"444","pyrE(10Fe)","H26","pyrE","(10Fe)",26.5016666666667,9,0.143837356851394,0.0121051976651235,0.00403506588837451,0.00930487862441288,"(10Fe)"
"445","pyrE(10Fe)","H26","pyrE","(10Fe)",27.0016666666667,9,0.145796661965472,0.0123379223657075,0.00411264078856917,0.00948376666504983,"(10Fe)"
"446","pyrE(10Fe)","H26","pyrE","(10Fe)",27.5016666666667,9,0.147710357196022,0.0125669167085318,0.00418897223617727,0.00965978729888023,"(10Fe)"
"447","pyrE(10Fe)","H26","pyrE","(10Fe)",28.0016666666667,9,0.149578566672986,0.0127920891613505,0.00426402972045016,0.00983287016799153,"(10Fe)"
"448","pyrE(10Fe)","H26","pyrE","(10Fe)",28.5016666666667,9,0.151401477760166,0.0130133590811608,0.00433778636038693,0.0100029532846845,"(10Fe)"
"449","pyrE(10Fe)","H26","pyrE","(10Fe)",29.0016666666667,9,0.153179337657251,0.013230656366108,0.00441021878870268,0.0101699827639035,"(10Fe)"
"450","pyrE(10Fe)","H26","pyrE","(10Fe)",29.5016666666667,9,0.154912449963022,0.0134439210836994,0.00448130702789979,0.0103339125374564,"(10Fe)"
"451","pyrE(10Fe)","H26","pyrE","(10Fe)",30.0016666666667,9,0.156601171220068,0.0136531030797246,0.00455103435990821,0.0104947040534046,"(10Fe)"
"452","pyrE(10Fe)","H26","pyrE","(10Fe)",30.5016666666667,9,0.15824590745999,0.0138581615719968,0.0046193871906656,0.010652325963784,"(10Fe)"
"453","pyrE(10Fe)","H26","pyrE","(10Fe)",31.0016666666667,9,0.159847110766697,0.0140590647327284,0.00468635491090945,0.0108067538035916,"(10Fe)"
"454","pyrE(10Fe)","H26","pyrE","(10Fe)",31.5016666666667,9,0.161405275873953,0.0142557892630557,0.00475192975435189,0.0109579696637352,"(10Fe)"
"455","pyrE(10Fe)","H26","pyrE","(10Fe)",32.0016666666667,9,0.162920936811881,0.0144483199629192,0.00481610665430638,0.0111059618604148,"(10Fe)"
"456","pyrE(10Fe)","H26","pyrE","(10Fe)",32.5016666666667,9,0.164394663615685,0.0146366492992042,0.00487888309973473,0.011250724603166,"(10Fe)"
"457","pyrE(10Fe)","H26","pyrE","(10Fe)",33.0016666666667,9,0.165827059108401,0.0148207769747535,0.00494025899158449,0.0113922576635734,"(10Fe)"
"458","pyrE(10Fe)","H26","pyrE","(10Fe)",33.5016666666667,9,0.167218755768101,0.0150007095005735,0.00500023650019117,0.0115305660464396,"(10Fe)"
"459","pyrE(10Fe)","H26","pyrE","(10Fe)",34.0016666666667,9,0.168570412688562,0.0151764597732868,0.00505881992442895,0.0116656596649864,"(10Fe)"
"460","pyrE(10Fe)","H26","pyrE","(10Fe)",34.5016666666667,9,0.169882712641139,0.0153480466596197,0.00511601555320656,0.0117975530214632,"(10Fe)"
"461","pyrE(10Fe)","H26","pyrE","(10Fe)",35.0016666666667,9,0.171156359244275,0.0155154945894712,0.00517183152982374,0.0119262648943528,"(10Fe)"
"462","pyrE(10Fe)","H26","pyrE","(10Fe)",35.5016666666667,9,0.172392074245911,0.0156788331588835,0.00522627771962784,0.0120518180331872,"(10Fe)"
"463","pyrE(10Fe)","H26","pyrE","(10Fe)",36.0016666666667,9,0.173590594922901,0.015838096744017,0.00527936558133901,0.0121742388618223,"(10Fe)"
"464","pyrE(10Fe)","H26","pyrE","(10Fe)",36.5016666666667,9,0.174752671600513,0.015993324127045,0.00533110804234833,0.0122935571908754,"(10Fe)"
"465","pyrE(10Fe)","H26","pyrE","(10Fe)",37.0016666666667,9,0.175879065294091,0.0161445581347001,0.00538151937823336,0.0124098059398875,"(10Fe)"
"466","pyrE(10Fe)","H26","pyrE","(10Fe)",37.5016666666667,9,0.176970545474057,0.0162918452900459,0.00543061509668198,0.0125230208696508,"(10Fe)"
"467","pyrE(10Fe)","H26","pyrE","(10Fe)",38.0016666666667,9,0.178027887954611,0.0164352354779006,0.00547841182596688,0.012633240325031,"(10Fe)"
"468","pyrE(10Fe)","H26","pyrE","(10Fe)",38.5016666666667,9,0.179051872905743,0.0165747816242077,0.00552492720806923,0.0127405049885097,"(10Fe)"
"469","pyrE(10Fe)","H26","pyrE","(10Fe)",39.0016666666667,9,0.180043282987479,0.0167105393895352,0.00557017979651173,0.0128448576445867,"(10Fe)"
"470","pyrE(10Fe)","H26","pyrE","(10Fe)",39.5016666666667,9,0.181002901604714,0.016842566876779,0.00561418895892635,0.0129463429551017,"(10Fe)"
"471","pyrE(10Fe)","H26","pyrE","(10Fe)",40.0016666666667,9,0.18193151128043,0.0169709243530575,0.00565697478435249,0.0130450072454625,"(10Fe)"
"472","pyrE(10Fe)","H26","pyrE","(10Fe)",40.5016666666667,9,0.182829892144657,0.017095673985704,0.00569855799523466,0.0131408983017119,"(10Fe)"
"473","pyrE(10Fe)","H26","pyrE","(10Fe)",41.0016666666667,9,0.183698820536132,0.0172168795921983,0.00573895986406609,0.0132340651783071,"(10Fe)"
"474","pyrE(10Fe)","H26","pyrE","(10Fe)",41.5016666666667,9,0.184539067713277,0.0173346064038159,0.00577820213460531,0.0133245580164454,"(10Fe)"
"475","pyrE(10Fe)","H26","pyrE","(10Fe)",42.0016666666667,9,0.185351398670848,0.0174489208427283,0.00581630694757611,0.0134124278727272,"(10Fe)"
"476","pyrE(10Fe)","H26","pyrE","(10Fe)",42.5016666666667,9,0.186136571058364,0.0175598903122419,0.00585329677074731,0.0134977265579205,"(10Fe)"
"477","pyrE(10Fe)","H26","pyrE","(10Fe)",43.0016666666667,9,0.186895334196285,0.0176675829998328,0.00588919433327762,0.0135805064855591,"(10Fe)"
"478","pyrE(10Fe)","H26","pyrE","(10Fe)",43.5016666666667,9,0.18762842818573,0.0177720676926031,0.00592402256420102,0.0136608205300903,"(10Fe)"
"479","pyrE(10Fe)","H26","pyrE","(10Fe)",44.0016666666667,9,0.18833658310749,0.0178734136047642,0.00595780453492141,0.0137387218942669,"(10Fe)"
"480","pyrE(10Fe)","H26","pyrE","(10Fe)",44.5016666666667,9,0.189020518305981,0.017971690216736,0.00599056340557867,0.0138142639854672,"(10Fe)"
"481","pyrE(10Fe)","H26","pyrE","(10Fe)",45.0016666666667,9,0.189680941753827,0.0180669671254352,0.00602232237514508,0.0138875003006171,"(10Fe)"
"482","pyrE(10Fe)","H26","pyrE","(10Fe)",45.5016666666667,9,0.190318549492707,0.0181593139053217,0.00605310463510725,0.0139584843193808,"(10Fe)"
"483","pyrE(10Fe)","H26","pyrE","(10Fe)",46.0016666666667,9,0.190934025146189,0.0182487999797632,0.00608293332658772,0.0140272694052825,"(10Fe)"
"484","pyrE(10Fe)","H26","pyrE","(10Fe)",46.5016666666667,9,0.191528039500299,0.0183354945022783,0.00611183150075945,0.0140939087144224,"(10Fe)"
"485","pyrE(10Fe)","H26","pyrE","(10Fe)",47.0016666666667,9,0.192101250147675,0.0184194662472191,0.00613982208240636,0.0141584551114469,"(10Fe)"
"486","pyrE(10Fe)","H26","pyrE","(10Fe)",47.5016666666667,9,0.192654301191231,0.0185007835094536,0.00616692783648455,0.014220961092439,"(10Fe)"
"487","pyrE(10Fe)","H26","pyrE","(10Fe)",48.0016666666667,9,0.193187823003371,0.0185795140126202,0.00619317133754008,0.0142814787143953,"(10Fe)"
"488","pyrE(10Fe)","H26","pyrE","(10Fe)",48.5016666666667,9,0.193702432036936,0.0186557248255243,0.00621857494184142,0.0143400595309633,"(10Fe)"
"489","pyrE(10Fe)","H26","pyrE","(10Fe)",49.0016666666667,9,0.19419873068415,0.0187294822862629,0.00624316076208763,0.0143967545341185,"(10Fe)"
"490","pyrE(10Fe)","H26","pyrE","(10Fe)",49.5016666666667,9,0.194677307180025,0.0188008519336671,0.00626695064455569,0.0144516141014658,"(10Fe)"
"491","pyrE(10Fe)","H26","pyrE","(10Fe)",50.0016666666667,9,0.195138735546784,0.0188698984456639,0.00628996614855463,0.0145046879488612,"(10Fe)"
"492","pyrE(10Fe)","H26","pyrE","(10Fe)",50.5016666666667,9,0.195583575576026,0.0189366855841713,0.00631222852805709,0.0145560250880534,"(10Fe)"
"493","pyrE(10Fe)","H26","pyrE","(10Fe)",51.0016666666667,9,0.196012372845511,0.0190012761461492,0.00633375871538306,0.0146056737890588,"(10Fe)"
"494","pyrE(10Fe)","H26","pyrE","(10Fe)",51.5016666666667,9,0.196425658767591,0.0190637319204437,0.00635457730681456,0.0146536815469889,"(10Fe)"
"495","pyrE(10Fe)","H26","pyrE","(10Fe)",52.0016666666667,9,0.196823950666451,0.0191241136500721,0.00637470455002402,0.0147000950530602,"(10Fe)"
"496","pyrE(10Fe)","H26","pyrE","(10Fe)",52.5016666666667,9,0.197207751881491,0.0191824809996108,0.00639416033320359,0.0147449601695259,"(10Fe)"
"497","pyrE(10Fe)","H26","pyrE","(10Fe)",53.0016666666667,9,0.197577551894323,0.0192388925273599,0.00641296417578664,0.0147883219082802,"(10Fe)"
"498","pyrE(10Fe)","H26","pyrE","(10Fe)",53.5016666666667,9,0.197933826476997,0.0192934056619717,0.00643113522065724,0.0148302244128927,"(10Fe)"
"499","pyrE(10Fe)","H26","pyrE","(10Fe)",54.0016666666667,9,0.198277037859216,0.0193460766832423,0.00644869222774744,0.0148707109438446,"(10Fe)"
"500","pyrE(10Fe)","H26","pyrE","(10Fe)",54.5016666666667,9,0.198607634912442,0.0193969607067807,0.0064656535689269,0.014909823866743,"(10Fe)"
"501","pyrE(10Fe)","H26","pyrE","(10Fe)",55.0016666666667,9,0.198926053348922,0.0194461116722795,0.00648203722409318,0.0149476046433062,"(10Fe)"
"502","pyrE(10Fe)","H26","pyrE","(10Fe)",55.5016666666667,9,0.199232715933795,0.019493582335127,0.00649786077837565,0.0149840938249152,"(10Fe)"
"503","pyrE(10Fe)","H26","pyrE","(10Fe)",56.0016666666667,9,0.199528032708573,0.0195394242611091,0.00651314142036969,0.015019331048542,"(10Fe)"
"504","pyrE(10Fe)","H26","pyrE","(10Fe)",56.5016666666667,9,0.199812401224397,0.0195836878239674,0.00652789594132246,0.0150533550348721,"(10Fe)"
"505","pyrE(10Fe)","H26","pyrE","(10Fe)",57.0016666666667,9,0.200086206783593,0.0196264222055844,0.00654214073519481,0.0150862035884468,"(10Fe)"
"506","pyrE(10Fe)","H26","pyrE","(10Fe)",57.5016666666667,9,0.200349822688159,0.0196676753985853,0.00655589179952844,0.0151179135996637,"(10Fe)"
"507","pyrE(10Fe)","H26","pyrE","(10Fe)",58.0016666666667,9,0.200603610493918,0.019707494211152,0.00656916473705067,0.0151485210484762,"(10Fe)"
"508","pyrE(10Fe)","H26","pyrE","(10Fe)",58.5016666666667,9,0.200847920269173,0.0197459242738594,0.00658197475795315,0.0151780610096494,"(10Fe)"
"509","pyrE(10Fe)","H26","pyrE","(10Fe)",59.0016666666667,9,0.201083090856797,0.0197830100483528,0.00659433668278426,0.015206567659429,"(10Fe)"
"510","pyrE(10Fe)","H26","pyrE","(10Fe)",59.5016666666667,9,0.201309450138766,0.0198187948376956,0.00660626494589853,0.0152340742834963,"(10Fe)"
"511","pyrE(10Fe)","H26","pyrE","(10Fe)",60.0016666666667,9,0.201527315302249,0.0198533207982276,0.00661777359940921,0.0152606132860826,"(10Fe)"
"512","pyrE(10Fe)","H26","pyrE","(10Fe)",60.5016666666667,9,0.201736993106426,0.0198866289527828,0.00662887631759426,0.0152862162001293,"(10Fe)"
"513","pyrE(10Fe)","H26","pyrE","(10Fe)",61.0016666666667,9,0.201938780149302,0.019918759205124,0.00663958640170799,0.015310913698384,"(10Fe)"
"514","pyrE(10Fe)","H26","pyrE","(10Fe)",61.5016666666667,9,0.202132963133826,0.0199497503554631,0.00664991678515437,0.0153347356053296,"(10Fe)"
"515","pyrE(10Fe)","H26","pyrE","(10Fe)",62.0016666666667,9,0.202319819132721,0.0199796401169413,0.00665988003898044,0.0153577109098526,"(10Fe)"
"516","pyrE(10Fe)","H26","pyrE","(10Fe)",62.5016666666667,9,0.202499615851466,0.0200084651329528,0.00666948837765095,0.0153798677785592,"(10Fe)"
"517","pyrE(10Fe)","H26","pyrE","(10Fe)",63.0016666666667,9,0.202672611888949,0.0200362609952047,0.00667875366506822,0.0154012335696573,"(10Fe)"
"518","pyrE(10Fe)","H26","pyrE","(10Fe)",63.5016666666667,9,0.202839056995339,0.0200630622624098,0.00668768742080325,0.0154218348473252,"(10Fe)"
"519","pyrE(10Fe)","H26","pyrE","(10Fe)",64.0016666666667,9,0.202999192326802,0.0200889024795203,0.00669630082650678,0.0154416973964957,"(10Fe)"
"520","pyrE(10Fe)","H26","pyrE","(10Fe)",64.5016666666667,9,0.203153250696712,0.0201138141974136,0.00670460473247119,0.015460846237988,"(10Fe)"
"521","pyrE(250Fe)","H26","pyrE","(250Fe)",0,9,0,0,0,0,"(250Fe)"
"522","pyrE(250Fe)","H26","pyrE","(250Fe)",0.501666666666667,9,0.00237642825274179,9.35141303000574e-05,3.11713767666858e-05,7.18813237239845e-05,"(250Fe)"
"523","pyrE(250Fe)","H26","pyrE","(250Fe)",1.00166666666667,9,0.00475213561028709,0.000184146018445053,6.1382006148351e-05,0.000141547160005225,"(250Fe)"
"524","pyrE(250Fe)","H26","pyrE","(250Fe)",1.50166666666667,9,0.00713387476083081,0.000271975726793263,9.06585755977544e-05,0.000209059050220141,"(250Fe)"
"525","pyrE(250Fe)","H26","pyrE","(250Fe)",2.00166666666667,9,0.00952050651066066,0.000356785437793744,0.000118928479264581,0.000274249564977668,"(250Fe)"
"526","pyrE(250Fe)","H26","pyrE","(250Fe)",2.50166666666667,9,0.0119108839451907,0.000438376747965152,0.000146125582655051,0.000336966197861665,"(250Fe)"
"527","pyrE(250Fe)","H26","pyrE","(250Fe)",3.00166666666667,9,0.014303854685245,0.000516573422384677,0.000172191140794892,0.000397073482718545,"(250Fe)"
"528","pyrE(250Fe)","H26","pyrE","(250Fe)",3.50166666666667,9,0.0166982631572537,0.000591224308228715,0.000197074769409572,0.00045445523320288,"(250Fe)"
"529","pyrE(250Fe)","H26","pyrE","(250Fe)",4.00166666666667,9,0.019092952867589,0.000662206423252844,0.000220735474417615,0.000509016916793273,"(250Fe)"
"530","pyrE(250Fe)","H26","pyrE","(250Fe)",4.50166666666667,9,0.0214867686713139,0.000729428235275878,0.000243142745091959,0.00056068817562695,"(250Fe)"
"531","pyrE(250Fe)","H26","pyrE","(250Fe)",5.00166666666667,9,0.0238785590257372,0.000792833147054116,0.000264277715684706,0.000609425505211242,"(250Fe)"
"532","pyrE(250Fe)","H26","pyrE","(250Fe)",5.50166666666667,9,0.0262671782193619,0.000852403196369625,0.000284134398789875,0.000655215098563201,"(250Fe)"
"533","pyrE(250Fe)","H26","pyrE","(250Fe)",6.00166666666667,9,0.028651488567068,0.000908162972307024,0.000302720990769008,0.000698075856526435,"(250Fe)"
"534","pyrE(250Fe)","H26","pyrE","(250Fe)",6.50166666666667,9,0.0310303625626996,0.000960183733721058,0.000320061244573686,0.000738062553505512,"(250Fe)"
"535","pyrE(250Fe)","H26","pyrE","(250Fe)",7.00166666666667,9,0.0334026849805994,0.00100858769251339,0.000336195897504463,0.000775269129883967,"(250Fe)"
"536","pyrE(250Fe)","H26","pyrE","(250Fe)",7.50166666666667,9,0.0357673549180759,0.00105355238984006,0.000351184129946686,0.000809832055875135,"(250Fe)"
"537","pyrE(250Fe)","H26","pyrE","(250Fe)",8.00166666666667,9,0.0381232877712693,0.00109531504490486,0.000365105014968287,0.000841933674300649,"(250Fe)"
"538","pyrE(250Fe)","H26","pyrE","(250Fe)",8.50166666666667,9,0.040469417137406,0.00113417669104299,0.00037805889701433,0.00087180537986577,"(250Fe)"
"539","pyrE(250Fe)","H26","pyrE","(250Fe)",9.00166666666667,9,0.0428046966369987,0.00117050583116208,0.000390168610387359,0.000899730428980112,"(250Fe)"
"540","pyrE(250Fe)","H26","pyrE","(250Fe)",9.50166666666667,9,0.0451281016501375,0.00120474124591752,0.00040158041530584,0.000926046098312273,"(250Fe)"
"541","pyrE(250Fe)","H26","pyrE","(250Fe)",10.0016666666667,9,0.047438630961634,0.00123739347988315,0.000412464493294385,0.000951144827161742,"(250Fe)"
"542","pyrE(250Fe)","H26","pyrE","(250Fe)",10.5016666666667,9,0.0497353083104128,0.00126904442760671,0.000423014809202238,0.000975473899272962,"(250Fe)"
"543","pyrE(250Fe)","H26","pyrE","(250Fe)",11.0016666666667,9,0.0520171838391905,0.00130034436675979,0.000433448122253263,0.000999533162312506,"(250Fe)"
"544","pyrE(250Fe)","H26","pyrE","(250Fe)",11.5016666666667,9,0.0542833354411253,0.00133200577381259,0.000444001924604195,0.00102387027417588,"(250Fe)"
"545","pyrE(250Fe)","H26","pyrE","(250Fe)",12.0016666666667,9,0.0565328700007721,0.00136479334984016,0.000454931116613388,0.00104907303614352,"(250Fe)"
"546","pyrE(250Fe)","H26","pyrE","(250Fe)",12.5016666666667,9,0.0587649245273142,0.00139950991860026,0.000466503306200086,0.00107575855318381,"(250Fe)"
"547","pyrE(250Fe)","H26","pyrE","(250Fe)",13.0016666666667,9,0.0609786671786722,0.00143697825533335,0.000478992751777785,0.00110455926633239,"(250Fe)"
"548","pyrE(250Fe)","H26","pyrE","(250Fe)",13.5016666666667,9,0.0631732981757022,0.00147801944316631,0.000492673147722102,0.00113610631595122,"(250Fe)"
"549","pyrE(250Fe)","H26","pyrE","(250Fe)",14.0016666666667,9,0.0653480506062834,0.00152342896029623,0.000507809653432077,0.00117101116071096,"(250Fe)"
"550","pyrE(250Fe)","H26","pyrE","(250Fe)",14.5016666666667,9,0.0675021911196641,0.00157395224774711,0.000524650749249037,0.00120984679730624,"(250Fe)"
"551","pyrE(250Fe)","H26","pyrE","(250Fe)",15.0016666666667,9,0.0696350205119688,0.00163026184131058,0.000543420613770194,0.00125313018250925,"(250Fe)"
"552","pyrE(250Fe)","H26","pyrE","(250Fe)",15.5016666666667,9,0.0717458742042777,0.00169293814540397,0.000564312715134656,0.00130130745464881,"(250Fe)"
"553","pyrE(250Fe)","H26","pyrE","(250Fe)",16.0016666666667,9,0.0738341226151638,0.00176245553654752,0.000587485178849173,0.00135474325179735,"(250Fe)"
"554","pyrE(250Fe)","H26","pyrE","(250Fe)",16.5016666666667,9,0.0758991714300077,0.00183917477880861,0.00061305825960287,0.00141371488176529,"(250Fe)"
"555","pyrE(250Fe)","H26","pyrE","(250Fe)",17.0016666666667,9,0.0779404617698154,0.00192334187875991,0.000641113959586637,0.0014784114419439,"(250Fe)"
"556","pyrE(250Fe)","H26","pyrE","(250Fe)",17.5016666666667,9,0.0799574702626281,0.00201509270675218,0.000671697568917393,0.00154893737153009,"(250Fe)"
"557","pyrE(250Fe)","H26","pyrE","(250Fe)",18.0016666666667,9,0.0819497090209366,0.00211446213262107,0.000704820710873692,0.00162531947385227,"(250Fe)"
"558","pyrE(250Fe)","H26","pyrE","(250Fe)",18.5016666666667,9,0.0839167255288051,0.00222139614922657,0.000740465383075525,0.0017075162353477,"(250Fe)"
"559","pyrE(250Fe)","H26","pyrE","(250Fe)",19.0016666666667,9,0.0858581024426593,0.00233576547366411,0.000778588491221371,0.00179542828037885,"(250Fe)"
"560","pyrE(250Fe)","H26","pyrE","(250Fe)",19.5016666666667,9,0.0877734573099045,0.00245737934399223,0.000819126447997411,0.00188890897633713,"(250Fe)"
"561","pyrE(250Fe)","H26","pyrE","(250Fe)",20.0016666666667,9,0.0896624422097204,0.00258599856506863,0.000861999521689543,0.0019877744615601,"(250Fe)"
"562","pyrE(250Fe)","H26","pyrE","(250Fe)",20.5016666666667,9,0.0915247433205197,0.00272134720851222,0.00090711573617074,0.0020918126387185,"(250Fe)"
"563","pyrE(250Fe)","H26","pyrE","(250Fe)",21.0016666666667,9,0.0933600804186653,0.00286312267733814,0.000954374225779381,0.00220079091117953,"(250Fe)"
"564","pyrE(250Fe)","H26","pyrE","(250Fe)",21.5016666666667,9,0.0951682063131182,0.00301100407664746,0.00100366802554915,0.00231446261728855,"(250Fe)"
"565","pyrE(250Fe)","H26","pyrE","(250Fe)",22.0016666666667,9,0.0969489062207324,0.00316465898431785,0.00105488632810595,0.00243257223478266,"(250Fe)"
"566","pyrE(250Fe)","H26","pyrE","(250Fe)",22.5016666666667,9,0.0987019970869299,0.00332374880109653,0.00110791626703218,0.00255485949323616,"(250Fe)"
"567","pyrE(250Fe)","H26","pyrE","(250Fe)",23.0016666666667,9,0.100427326856479,0.00348793289479503,0.00116264429826501,0.00268106255957066,"(250Fe)"
"568","pyrE(250Fe)","H26","pyrE","(250Fe)",23.5016666666667,9,0.102124773699058,0.00365687175529437,0.00121895725176479,0.00281092046320671,"(250Fe)"
"569","pyrE(250Fe)","H26","pyrE","(250Fe)",24.0016666666667,9,0.103794245194246,0.00383022935970449,0.0012767431199015,0.00294417491408632,"(250Fe)"
"570","pyrE(250Fe)","H26","pyrE","(250Fe)",24.5016666666667,9,0.105435677480462,0.00400767492038989,0.00133589164012996,0.00308057164632437,"(250Fe)"
"571","pyrE(250Fe)","H26","pyrE","(250Fe)",25.0016666666667,9,0.107049034372338,0.00418888415929978,0.00139629471976659,0.0032198613977455,"(250Fe)"
"572","pyrE(250Fe)","H26","pyrE","(250Fe)",25.5016666666667,9,0.108634306450826,0.00437354022399631,0.0014578467413321,0.00336180061400575,"(250Fe)"
"573","pyrE(250Fe)","H26","pyrE","(250Fe)",26.0016666666667,9,0.110191510130262,0.00456133433592648,0.00152044477864216,0.0035061519468984,"(250Fe)"
"574","pyrE(250Fe)","H26","pyrE","(250Fe)",26.5016666666667,9,0.111720686706439,0.00475196624054762,0.00158398874684921,0.00365268460035113,"(250Fe)"
"575","pyrE(250Fe)","H26","pyrE","(250Fe)",27.0016666666667,9,0.113221901389594,0.00494514451190578,0.00164838150396859,0.00380117456454564,"(250Fe)"
"576","pyrE(250Fe)","H26","pyrE","(250Fe)",27.5016666666667,9,0.114695242326041,0.00514058675081077,0.00171352891693692,0.00395140476824846,"(250Fe)"
"577","pyrE(250Fe)","H26","pyrE","(250Fe)",28.0016666666667,9,0.116140819612034,0.00533801970533612,0.00177933990177871,0.00410316517143547,"(250Fe)"
"578","pyrE(250Fe)","H26","pyrE","(250Fe)",28.5016666666667,9,0.11755876430322,0.00553717933445279,0.0018457264448176,0.00425625281420506,"(250Fe)"
"579","pyrE(250Fe)","H26","pyrE","(250Fe)",29.0016666666667,9,0.11894922742291,0.00573781082967504,0.00191260360989168,0.00441047183341663,"(250Fe)"
"580","pyrE(250Fe)","H26","pyrE","(250Fe)",29.5016666666667,9,0.120312378972171,0.00593966860522081,0.00197988953507361,0.00456563345512719,"(250Fe)"
"581","pyrE(250Fe)","H26","pyrE","(250Fe)",30.0016666666667,9,0.121648406944575,0.00614251626400575,0.00204750542133525,0.00472155596845204,"(250Fe)"
"582","pyrE(250Fe)","H26","pyrE","(250Fe)",30.5016666666667,9,0.122957516348233,0.0063461265445054,0.00211537551483513,0.00487806468471946,"(250Fe)"
"583","pyrE(250Fe)","H26","pyrE","(250Fe)",31.0016666666667,9,0.124239928237577,0.00655028125190873,0.00218342708396958,0.00503499188455062,"(250Fe)"
"584","pyrE(250Fe)","H26","pyrE","(250Fe)",31.5016666666667,9,0.125495878757145,0.00675477117587234,0.00225159039195745,0.00519217675463984,"(250Fe)"
"585","pyrE(250Fe)","H26","pyrE","(250Fe)",32.0016666666667,9,0.12672561819944,0.00695939599642798,0.00231979866547599,0.00534946531542875,"(250Fe)"
"586","pyrE(250Fe)","H26","pyrE","(250Fe)",32.5016666666667,9,0.127929410078777,0.00716396417910354,0.00238798805970118,0.00550671034048909,"(250Fe)"
"587","pyrE(250Fe)","H26","pyrE","(250Fe)",33.0016666666667,9,0.129107530222819,0.00736829286000602,0.00245609762000201,0.00566377126818974,"(250Fe)"
"588","pyrE(250Fe)","H26","pyrE","(250Fe)",33.5016666666667,9,0.130260265883348,0.00757220772143327,0.00252406924047776,0.00582051410608335,"(250Fe)"
"589","pyrE(250Fe)","H26","pyrE","(250Fe)",34.0016666666667,9,0.131387914867662,0.00777554285848624,0.00259184761949541,0.0059768113283755,"(250Fe)"
"590","pyrE(250Fe)","H26","pyrE","(250Fe)",34.5016666666667,9,0.132490784691799,0.00797814063711618,0.00265938021237206,0.0061325417668101,"(250Fe)"
"591","pyrE(250Fe)","H26","pyrE","(250Fe)",35.0016666666667,9,0.133569191756653,0.00817985154403991,0.00272661718134663,0.00628759049530407,"(250Fe)"
"592","pyrE(250Fe)","H26","pyrE","(250Fe)",35.5016666666667,9,0.134623460547893,0.00838053402897664,0.00279351134299221,0.00644184870867979,"(250Fe)"
"593","pyrE(250Fe)","H26","pyrE","(250Fe)",36.0016666666667,9,0.135653922860449,0.00858005433969041,0.00286001811323014,0.00659521359586751,"(250Fe)"
"594","pyrE(250Fe)","H26","pyrE","(250Fe)",36.5016666666667,9,0.136660917048206,0.00877828635035602,0.00292609545011867,0.00674758820797576,"(250Fe)"
"595","pyrE(250Fe)","H26","pyrE","(250Fe)",37.0016666666667,9,0.137644787299397,0.00897511138380002,0.00299170379460001,0.00689888132165361,"(250Fe)"
"596","pyrE(250Fe)","H26","pyrE","(250Fe)",37.5016666666667,9,0.138605882938091,0.00917041802819662,0.00305680600939887,0.00704900729819074,"(250Fe)"
"597","pyrE(250Fe)","H26","pyrE","(250Fe)",38.0016666666667,9,0.139544557752036,0.00936410194882147,0.00312136731627382,0.00719788593881857,"(250Fe)"
"598","pyrE(250Fe)","H26","pyrE","(250Fe)",38.5016666666667,9,0.140461169347026,0.00955606569548259,0.00318535523182753,0.0073454423366885,"(250Fe)"
"599","pyrE(250Fe)","H26","pyrE","(250Fe)",39.0016666666667,9,0.141356078527852,0.00974621850625662,0.00324873950208554,0.00749160672601038,"(250Fe)"
"600","pyrE(250Fe)","H26","pyrE","(250Fe)",39.5016666666667,9,0.142229648705807,0.00993447610816119,0.00331149203605373,0.00763631432883556,"(250Fe)"
"601","pyrE(250Fe)","H26","pyrE","(250Fe)",40.0016666666667,9,0.143082245332643,0.0101207605153903,0.00337358683846343,0.00777950519996701,"(250Fe)"
"602","pyrE(250Fe)","H26","pyrE","(250Fe)",40.5016666666667,9,0.143914235360769,0.0103049998257293,0.00343499994190976,0.00792112407046999,"(250Fe)"
"603","pyrE(250Fe)","H26","pyrE","(250Fe)",41.0016666666667,9,0.144725986729442,0.0104871280157525,0.00349570933858417,0.00806112019024692,"(250Fe)"
"604","pyrE(250Fe)","H26","pyrE","(250Fe)",41.5016666666667,9,0.145517867876619,0.0106670847353846,0.00355569491179488,0.00819944717012341,"(250Fe)"
"605","pyrE(250Fe)","H26","pyrE","(250Fe)",42.0016666666667,9,0.146290247276079,0.0108448151023874,0.00361493836746246,0.00833606282387662,"(250Fe)"
"606","pyrE(250Fe)","H26","pyrE","(250Fe)",42.5016666666667,9,0.147043492999377,0.0110202694973038,0.00367342316576792,0.00847092901061561,"(250Fe)"
"607","pyrE(250Fe)","H26","pyrE","(250Fe)",43.0016666666667,9,0.147777972302149,0.0111934033593659,0.00373113445312197,0.008604011477902,"(250Fe)"
"608","pyrE(250Fe)","H26","pyrE","(250Fe)",43.5016666666667,9,0.148494051234225,0.0113641769838407,0.00378805899461358,0.00873527970597624,"(250Fe)"
"609","pyrE(250Fe)","H26","pyrE","(250Fe)",44.0016666666667,9,0.149192094273003,0.0115325553212571,0.0038441851070857,0.0088647067534299,"(250Fe)"
"610","pyrE(250Fe)","H26","pyrE","(250Fe)",44.5016666666667,9,0.149872463979476,0.0116985077789255,0.00389950259297518,0.00899226910464014,"(250Fe)"
"611","pyrE(250Fe)","H26","pyrE","(250Fe)",45.0016666666667,9,0.15053552067629,0.0118620080251279,0.00395400267504265,0.00911794651925668,"(250Fe)"
"612","pyrE(250Fe)","H26","pyrE","(250Fe)",45.5016666666667,9,0.151181622147195,0.0120230337963236,0.00400767793210786,0.00924172188400721,"(250Fe)"
"613","pyrE(250Fe)","H26","pyrE","(250Fe)",46.0016666666667,9,0.15181112335722,0.0121815667076836,0.00406052223589452,0.00936358106706122,"(250Fe)"
"614","pyrE(250Fe)","H26","pyrE","(250Fe)",46.5016666666667,9,0.1524243761929,0.012337592067235,0.00411253068907833,0.00948351277516866,"(250Fe)"
"615","pyrE(250Fe)","H26","pyrE","(250Fe)",47.0016666666667,9,0.153021729221856,0.0124910986938648,0.0041636995646216,0.00960150841376519,"(250Fe)"
"616","pyrE(250Fe)","H26","pyrE","(250Fe)",47.5016666666667,9,0.153603527471055,0.0126420787394028,0.00421402624646759,0.00971756195021314,"(250Fe)"
"617","pyrE(250Fe)","H26","pyrE","(250Fe)",48.0016666666667,9,0.154170112223029,0.0127905275149744,0.00426350917165812,0.00983166978032452,"(250Fe)"
"618","pyrE(250Fe)","H26","pyrE","(250Fe)",48.5016666666667,9,0.154721820829359,0.012936443321787,0.004312147773929,0.00994383059829172,"(250Fe)"
"619","pyrE(250Fe)","H26","pyrE","(250Fe)",49.0016666666667,9,0.155258986540742,0.0130798272864852,0.0043599424288284,0.0100540452701304,"(250Fe)"
"620","pyrE(250Fe)","H26","pyrE","(250Fe)",49.5016666666667,9,0.155781938352915,0.0132206832011872,0.00440689440039574,0.0101623167107207,"(250Fe)"
"621","pyrE(250Fe)","H26","pyrE","(250Fe)",50.0016666666667,9,0.156291000867778,0.0133590173682906,0.0044530057894302,0.0102686497645141,"(250Fe)"
"622","pyrE(250Fe)","H26","pyrE","(250Fe)",50.5016666666667,9,0.15678649416901,0.0134948384501124,0.00449827948337081,0.0103730510899571,"(250Fe)"
"623","pyrE(250Fe)","H26","pyrE","(250Fe)",51.0016666666667,9,0.157268733711526,0.0136281573234102,0.0045427191078034,0.0104755290476656,"(250Fe)"
"624","pyrE(250Fe)","H26","pyrE","(250Fe)",51.5016666666667,9,0.157738030224095,0.0137589869388084,0.00458632897960281,0.0105760935923708,"(250Fe)"
"625","pyrE(250Fe)","H26","pyrE","(250Fe)",52.0016666666667,9,0.158194689624486,0.0138873421851403,0.00462911406171343,0.0106747561686429,"(250Fe)"
"626","pyrE(250Fe)","H26","pyrE","(250Fe)",52.5016666666667,9,0.158639012946504,0.014013239758696,0.00467107991956534,0.0107715296103868,"(250Fe)"
"627","pyrE(250Fe)","H26","pyrE","(250Fe)",53.0016666666667,9,0.159071296278284,0.0141366980373551,0.00471223267911835,0.0108664280440911,"(250Fe)"
"628","pyrE(250Fe)","H26","pyrE","(250Fe)",53.5016666666667,9,0.159491830711255,0.0142577369595662,0.00475257898652207,0.0109594667958043,"(250Fe)"
"629","pyrE(250Fe)","H26","pyrE","(250Fe)",54.0016666666667,9,0.159900902299179,0.0143763779081265,0.00479212596937551,0.0110506623017992,"(250Fe)"
"630","pyrE(250Fe)","H26","pyrE","(250Fe)",54.5016666666667,9,0.160298792026684,0.0144926435986995,0.00483088119956649,0.0111400320228804,"(250Fe)"
"631","pyrE(250Fe)","H26","pyrE","(250Fe)",55.0016666666667,9,0.160685775786755,0.0146065579730028,0.00486885265766759,0.0112275943622812,"(250Fe)"
"632","pyrE(250Fe)","H26","pyrE","(250Fe)",55.5016666666667,9,0.16106212436663,0.0147181460965876,0.00490604869886253,0.01131336858709,"(250Fe)"
"633","pyrE(250Fe)","H26","pyrE","(250Fe)",56.0016666666667,9,0.161428103441595,0.0148274340611227,0.00494247802037423,0.0113973747531387,"(250Fe)"
"634","pyrE(250Fe)","H26","pyrE","(250Fe)",56.5016666666667,9,0.161783973576166,0.0149344488910913,0.00497814963036376,0.0114796336332839,"(250Fe)"
"635","pyrE(250Fe)","H26","pyrE","(250Fe)",57.0016666666667,9,0.16212999023219,0.015039218454801,0.00501307281826701,0.0115601666490033,"(250Fe)"
"636","pyrE(250Fe)","H26","pyrE","(250Fe)",57.5016666666667,9,0.162466403783384,0.015141771379605,0.00504725712653499,0.0116389958052284,"(250Fe)"
"637","pyrE(250Fe)","H26","pyrE","(250Fe)",58.0016666666667,9,0.162793459535884,0.015242136971224,0.00508071232374133,0.0117161436283303,"(250Fe)"
"638","pyrE(250Fe)","H26","pyrE","(250Fe)",58.5016666666667,9,0.163111397754367,0.0153403451370617,0.00511344837902055,0.0117916331071744,"(250Fe)"
"639","pyrE(250Fe)","H26","pyrE","(250Fe)",59.0016666666667,9,0.163420453693334,0.0154364263133962,0.00514547543779874,0.0118654876371554,"(250Fe)"
"640","pyrE(250Fe)","H26","pyrE","(250Fe)",59.5016666666667,9,0.163720857633172,0.0155304113963347,0.00517680379877824,0.0119377309671233,"(250Fe)"
"641","pyrE(250Fe)","H26","pyrE","(250Fe)",60.0016666666667,9,0.164012834920614,0.0156223316764121,0.00520744389213738,0.0120083871491125,"(250Fe)"
"642","pyrE(250Fe)","H26","pyrE","(250Fe)",60.5016666666667,9,0.164296606013236,0.0157122187767171,0.00523740625890571,0.0120774804907807,"(250Fe)"
"643","pyrE(250Fe)","H26","pyrE","(250Fe)",61.0016666666667,9,0.164572386527666,0.0158001045944263,0.00526670153147544,0.0121450355104685,"(250Fe)"
"644","pyrE(250Fe)","H26","pyrE","(250Fe)",61.5016666666667,9,0.164840387291165,0.0158860212456282,0.0052953404152094,0.0122110768947866,"(250Fe)"
"645","pyrE(250Fe)","H26","pyrE","(250Fe)",62.0016666666667,9,0.165100814396273,0.0159700010133194,0.00532333367110648,0.0122756294586431,"(250Fe)"
"646","pyrE(250Fe)","H26","pyrE","(250Fe)",62.5016666666667,9,0.165353869258245,0.0160520762984555,0.00535069209948517,0.0123387181076171,"(250Fe)"
"647","pyrE(250Fe)","H26","pyrE","(250Fe)",63.0016666666667,9,0.165599748674978,0.0161322795739404,0.00537742652464681,0.0124003678025921,"(250Fe)"
"648","pyrE(250Fe)","H26","pyrE","(250Fe)",63.5016666666667,9,0.16583864488918,0.0162106433414406,0.00540354778048021,0.0124606035265607,"(250Fe)"
"649","pyrE(250Fe)","H26","pyrE","(250Fe)",64.0016666666667,9,0.166070745652528,0.0162872000909098,0.00542906669696993,0.0125194502535119,"(250Fe)"
"650","pyrE(250Fe)","H26","pyrE","(250Fe)",64.5016666666667,9,0.166296234291583,0.0163619822627144,0.00545399408757145,0.0125769329193188,"(250Fe)"
